claim_id,claim,theorem_or_argument,proof_or_implementation,test_or_source,raw_result,manuscript_location,maturity,fresh_recheck
ownership,Disjoint owners and local legality imply global nonoverlap,Model legality argument,proofs/core.md; src/checker.py,tests/test_suite.py,results/tests.json,Current model/normalization and evaluation; inherited detailed evidence in proofs/core.md,written proof + finite validation,Retained prior evidence; current clean replay documented in results/coverage-clean-reproduction.json; no added broad claim
ranges,Equations for exact marginal extrema ranges under independent choices,Lemma 1,proofs/core.md,tests/pilot_algebra.py; tests/test_suite.py,results/pilot.json; results/tests.json,Current model/normalization and evaluation; inherited detailed evidence in proofs/core.md,written proof + finite validation,Retained prior evidence; current clean replay documented in results/coverage-clean-reproduction.json; no added broad claim
normalization,Clipped endpoints plus explicit offset preserve all relaxed responses,Lemma 2,proofs/core.md,tests/test_suite.py,results/tests.json,Current model/normalization and evaluation; inherited detailed evidence in proofs/core.md,written proof + 24696 finite identities,Retained prior evidence; current clean replay documented in results/coverage-clean-reproduction.json; no added broad claim
canonical,Joint key is coarsest response equivalence up to constants over the declared relaxed domain,Theorem 3,proofs/core.md,tests/test_suite.py,results/tests.json,Current model/normalization and evaluation; inherited detailed evidence in proofs/core.md,written proof + 4116 profiles,Retained prior evidence; current clean replay documented in results/coverage-clean-reproduction.json; no added broad claim
closure,An actual sibling plus any relaxed parent context yields a valid relaxed child context,Lemma 4,proofs/core.md,tests/test_suite.py per-node oracle,results/tests.json,Current model/normalization and evaluation; inherited detailed evidence in proofs/core.md,written proof; finite table validation,Retained prior evidence; current clean replay documented in results/coverage-clean-reproduction.json; no added broad claim
substitution,Equal child keys preserve parent key and shift score by same constant,Lemma 5,proofs/core.md,tests/test_suite.py per-node oracle,results/tests.json,Current model/normalization and evaluation; inherited detailed evidence in proofs/core.md,written proof; finite table validation,Retained prior evidence; current clean replay documented in results/coverage-clean-reproduction.json; no added broad claim
optimum,Complete recurrence attains exact finite-portfolio optimum,Theorem 6,src/producer.py; proofs/core.md,tests/oracle.py; tests/test_suite.py,results/tests.json; results/campaign,Current model/normalization and evaluation; inherited detailed evidence in proofs/core.md,written proof + 240 core finite comparisons,Retained prior evidence; current clean replay documented in results/coverage-clean-reproduction.json; no added broad claim
checker,Accepted complete replay proves finite-portfolio optimum under the specified recurrence,Theorem 7,src/checker.py; proofs/core.md,15 certificate mutant families; 8 invalid input families,results/tests.json; results/campaign-validation.json,Current model/normalization and evaluation; inherited detailed evidence in proofs/core.md,mathematical checker proof + finite implementation evidence,Retained prior evidence; current clean replay documented in results/coverage-clean-reproduction.json; no added broad claim
complexity,State bound q^(4w) and work proportional to actual join products,State and bit-complexity section,proofs/core.md,per-node raw records,results/campaign/jobs,Current model/normalization and evaluation; inherited detailed evidence in proofs/core.md,written upper bound and measured work,Retained prior evidence; current clean replay documented in results/coverage-clean-reproduction.json; no added broad claim
exposure,q^k explicit classes can be necessary at one separator while another hierarchy has width one,Explicit physical lower-bound construction,proofs/core.md,exposed and paired families,results/campaign,Current model/normalization and evaluation; inherited detailed evidence in proofs/core.md,written family proof + finite measurements,Retained prior evidence; current clean replay documented in results/coverage-clean-reproduction.json; no added broad claim
constant-null,Constant-net removal matches masked-family compression,Constant-net baseline argument,src/constant_net_baseline.py; proofs/core.md,80 oracle comparisons and 3 wrapper mutants,results/null-baseline; results/tests.json; results/null-validation.json,Current model/normalization and evaluation; inherited detailed evidence in proofs/core.md,written simplification proof + exploratory measurements,Retained prior evidence; current clean replay documented in results/coverage-clean-reproduction.json; no added broad claim
public,All modes obtain 1998880 units; two-sided adds no state reduction over envelope,Finite Cartesian oracle and reports,src/instances.py; tests/oracle.py,one topology; three hierarchy variants,results/campaign; results/null-baseline; results/tests.json,Current model/normalization and evaluation; inherited detailed evidence in proofs/core.md,measured and finite-oracle checked,Retained prior evidence; current clean replay documented in results/coverage-clean-reproduction.json; no added broad claim
campaign,116 jobs: 86 complete and 30 structurally capped; 38.876138361 reported child CPU seconds,Raw accounting,summarize_results.py,87 primary plus 29 exploratory jobs,results/derived/analysis.json,Current model/normalization and evaluation; inherited detailed evidence in proofs/core.md,measured,Retained prior evidence; current clean replay documented in results/coverage-clean-reproduction.json; no added broad claim
general-practical-gain,General performance or placement quality advantage,none,none,insufficient public evidence,results/null-baseline,Current model/normalization and evaluation; inherited detailed evidence in proofs/core.md,NOT ESTABLISHED,Retained prior evidence; current clean replay documented in results/coverage-clean-reproduction.json; no added broad claim
newness,Distinct worthwhile advance over all closest exact abstractions,none,22-paper calibration and closest-work comparison complete; independent novelty judgment absent,literature-calibration.csv; reference-audit.csv; manuscript related-work analysis,literature-calibration.csv; reference-audit.csv,Current model/normalization and evaluation; inherited detailed evidence in proofs/core.md,POSITIONED BUT NOT INDEPENDENTLY ESTABLISHED,Completed non-overlapping 12+5+5 full-paper calibration; external novelty and acceptance remain unclaimed
monotonicity,Complete two-sided/envelope/raw tables and transitions obey coarsening inequalities,Objective ownership and key-count monotonicity,proofs/core.md; summarize_results.py,Complete campaign triplets,results/derived/analysis.json,Current model/normalization and evaluation; inherited detailed evidence in proofs/core.md,written argument + finite recorded-table check,Retained prior evidence; current clean replay documented in results/coverage-clean-reproduction.json; no added broad claim
self_context,Target canonical boxes jointly maximize all competitor-minus-target responses,Self-context theorem,proofs/response-dominance.md; src/response_cover.py; src/response_checker.py,tests/pilot_dominance.py,results/dominance-algebra.json,III; Fig. 2,written general proof + finite checks,Current clean-extraction receipt and artifact-only self-audit; general proofs not mechanized
minimal_frontier,Collective coverage iff single-row dominance; unique minimal actual-response subset frontier,Common maximizer and minimality theorem,proofs/response-dominance.md,tests/test_frontier.py,results/frontier-tests.json,IV-C; Theorem 6,written general proof + finite node/collective oracles,Current clean-extraction receipt and artifact-only self-audit; general proofs not mechanized
coverage_replay,Actual-witness transition coverage certifies the finite-portfolio optimum,Compositional coverage and replay theorem,proofs/response-dominance.md; src/response_checker.py,tests/test_dominance.py; validate_dominance.py,results/dominance-tests.json; results/dominance-campaign/,IV; VI,written general proof; separately implemented executable replay,Current clean-extraction receipt and artifact-only self-audit; general proofs not mechanized
frontier_bound,Complete all-level minimal frontiers do not exceed equality/inclusion/leaf row or transition counts; no CPU/cap monotonicity,Minimal frontier; explicit table bounds,proofs/response-dominance.md,tests/test_frontier.py,results/frontier-tests.json,IV,written proof + finite checks; restricted comparison,Current clean-extraction receipt and artifact-only self-audit; general proofs not mechanized
exposed_frontier,q^k relaxed actual-response rows necessary at declared cut; paired hierarchy has width one,Exposed-family argument,proofs/response-dominance.md; src/instances.py,tests/test_frontier.py; run_dominance.py,results/dominance-campaign/,IV,written explicit-table lower bound; not all-algorithm lower bound,Current clean-extraction receipt and artifact-only self-audit; general proofs not mechanized
actual_hardness,"Actual-context dominance coNP-complete for unit squares, weights, two choices; no bounded-width claim",Restricted geometric reduction,proofs/context-hardness.md,tests/test_context_hardness.py,results/context-hardness-tests.json,V,written general reduction + 335-formula finite checks,Current clean-extraction receipt and artifact-only self-audit; general proofs not mechanized
new_campaign,77 cases x 4 modes = 308 runs; 293 completed; 15 limits; 51 exact oracles / 176128 assignments,Frozen comparative experiment plus prospective xerox amendment,proofs/dominance-experiment-protocol.md; src/campaign.py; run_dominance.py,validate_dominance.py; compare_dominance.py; audit_artifact.py,results/dominance-campaign/; results/derived/dominance-analysis.json,VI; Tables I--III; Fig. 3,measured; exact replay and clean reproduction,"Final clean extraction replay, inventory audit, and exact comparison recorded in results/coverage-clean-reproduction.json"
generated_gain,"Generated transitions 37645 equality, 13940 containment, 4363 leaf, 2152 response; 32/40 leaf improvements, 8 ties",Forty preselected generated cases,analyze_dominance.py,validate_dominance.py,results/derived/dominance-analysis.json; results/derived/dominance-work.csv,VI; Fig. 3,measured generated cases; not industrial speedup,Current clean-extraction receipt and artifact-only self-audit; general proofs not mechanized
public_null,Five public source topologies / eleven hierarchies; all-level improves leaf-only in 7 of 8 CORE-derived cases; OpenROAD ties,"Frozen public adapter; hp/n10 development, apte held-out validation, and prospective xerox extension",src/instances.py; src/campaign.py; public_adapter_pilot.py; run_dominance.py; proofs/dominance-experiment-protocol.md,tests/oracle.py; tests/test_public_inputs.py; validate_dominance.py,results/public-adapter-pilot.json; results/public-input-tests.json; results/dominance-campaign/; results/derived/public-work.csv,VI; Table III,"measured with full Cartesian oracles; small adapted portfolios, not native placement evidence",Final clean extraction replay and exact comparison recorded in results/coverage-clean-reproduction.json
worked_coverage,"At seed101 node11, P cost846 and Q868 give excess -4 for ordinal0 covering ordinal1",Worked transition illustration,src/response_checker.py,results/dominance-campaign/inputs/random_101_6_4.json,results/dominance-campaign/certificates/random_101_6_4_response.json,IV; worked example,post-hoc exact illustration; not separate benchmark,Current clean-extraction receipt and artifact-only self-audit; general proofs not mechanized
literature_scope,64 distinct cited scholarly works; all have one-to-one citation/metadata/context verification records; non-overlapping 12 TCAD + 5 influential/foundational + 5 adjacent full-paper calibration complete,Bibliography/source-role audit and paper-pattern matrix,reference-audit.csv; reference-verification.csv; literature-calibration.csv; literature-calibration.md; external_resources.csv,"paper references, 64-row verification inventory, and 22-row calibration inventory; paper/audit.py; audit_artifact.py",reference-audit.csv; reference-verification.csv; literature-calibration.csv; results/paper-audit.json,I--VIII; References,22 full-paper pattern records plus honest depth for remaining sources; not independent novelty review,Bibliographic set and all 64 manuscript citation contexts re-audited 2026-09-21; four metadata omissions repaired; no uncited or unknown keys
separate_milp,A separately formulated one-hot MILP obtains zero-gap primal/dual agreement and exact integer witness re-evaluation on all 77 frozen inputs; it agrees with 51 Cartesian and 26 guarded closed-form optima,One-hot candidate selection with linear net-extremum epigraph; independent control formulas,src/milp_oracle.py; src/portfolio_exact.py; proofs/control-optima.md; tests/control_oracle.py,tests/test_milp_oracle.py; run_milp_oracle.py; validate_milp_oracle.py,results/milp-oracle.json; results/milp-oracle-tests.json,VI-B; Table I,"independent numerical formulation from producer/replay, but shared exact parser with the closed-form guard; solver status is not a proof log","All 77 inputs rerun; 40 differential cases cover 38,737 assignments; six malformed/unsafe inputs rejected; parser-sharing boundary audited"
public_orientation4,Eight square-owner four-way public-topology instances complete both Leaf and Response; Response uses fewer generated transitions in all eight; 26 of 32 four-policy runs complete and six caps are retained,Protocol-frozen joint geometry-and-portfolio robustness group; no one-factor or native-placement claim,proofs/public-portfolio-extension-protocol.md; src/instances.py; run_public_extension.py,validate_public_extension.py; separate MILP oracle; coverage replay,results/public-portfolio-extension/,VI-D; Table III,measured joint instance group; same hypergraphs/trees but square owner grid and four rotations,"26 replayed certificates, 66,570 obligations, six caps, eight MILPs; hp cmp3 origin audit confirms (0,800) versus (0,3404)"
actual_context_audit,"Across 1,746 ordered partial-row pairs from 33 small cases, exact enumeration of every realizable exterior completion never exceeds relaxed self-context excess; 11 valid actual dominance relations are conservatively missed",Actual contexts are a subset of the declared marginal product; strict gaps quantify conservatism,tests/test_actual_context_gap.py; proofs/context-hardness.md,exact integer full-HPWL enumeration over all exterior candidate products,results/actual-context-gap.json,VI-B and V,finite exact audit; not an unbounded actual-context algorithm,"Fresh run on 2026-09-21: 33 cases, 164 nodes, 1,746 ordered pairs, 11 conservative misses, zero soundness violations"
order_invariance,"Permuting region serialization and every candidate list preserves optima, retained response functions, and per-node transition/state counts for all four policies on 23 inputs",Metamorphic invariance under semantically irrelevant input ordering,tests/test_order_invariance.py,92 paired policy comparisons and 184 independently replayed certificates,results/order-invariance.json,VI-E,finite metamorphic robustness audit,"Fresh run on 2026-09-21: 23 cases, 92 paired comparisons, 184 certificates, 9,498 replayed transitions, zero failures"
online_frontier_complexity,Production is bounded by O(sum_v M_v P_v (|L_v|+1)); final S_v does not bound temporary P_v,Per-candidate online scan accounting plus legal width-one separation family,proofs/response-dominance.md; src/dominance_instances.py; src/response_cover.py,tests/test_online_frontier_peak.py,results/online-frontier-peak.json,IV-F,written proof plus eight finite measured executions; not an unbounded empirical proof,"k=3,7,15,31 forward/reverse match M, final S_max, peak P, comparison, optimum, and replay predictions"
closed_form_guard,Closed-form formulas apply only after exact frozen-input reconstruction; the legal exposed_2_2 mutation has witness 46 but true optimum 43 and is rejected,Proved family lower bounds plus fail-closed membership guard,tests/control_oracle.py; src/portfolio_exact.py; proofs/control-optima.md,tests/test_control_oracle.py; tests/oracle.py,results/control-oracle-guard.json,VI-B,26 exact frozen matches plus independent 16-combination mutation enumeration,all-zero witness 46; exact optimum 43; mutated input rejected
public_matched_control,"On identical square geometry, the R0/R180 subset is exactly candidate indices 0 and 2 of the four-way list and W*_four <= W*_R0/R180 for all eight circuit/tree pairs",Matched candidate-inclusion control; no cross-geometry monotonicity claim,proofs/public-portfolio-matched-control.md; src/instances.py; run_public_matched_control.py,validate_public_matched_control.py; replay; MILP pairs,results/public-portfolio-matched-control/,VI-D; Table III boundary text,"eight structural matches, 16 successful subset runs, eight MILP inequalities",876 replay obligations; original 26-success/6-cap four-way records unchanged
