name,scholarly_or_official_url,license,access_date,resource_type,acquisition_method,integration_mode,supported_claim,internals_modified
OpenROAD macro-only LEF,https://raw.githubusercontent.com/The-OpenROAD-Project/OpenROAD/1980eac51b431d5cd46c1cde825d5f7a498fd54e/src/mpl/test/testcases/macro_only.lef,BSD-3-Clause,2026-09-11,exact public input,read-only GitHub connector; exact returned bytes,data/upstream/macro_only.lef; rational point-center adapter,public geometry; actual declared dimensions,no
OpenROAD macro-only Verilog,https://raw.githubusercontent.com/The-OpenROAD-Project/OpenROAD/1980eac51b431d5cd46c1cde825d5f7a498fd54e/src/mpl/test/testcases/macro_only.v,BSD-3-Clause,2026-09-11,exact public input,read-only GitHub connector; exact returned bytes,data/upstream/macro_only.v; connectivity adapter,one 10-macro 12-net topology,no
OpenROAD license,https://raw.githubusercontent.com/The-OpenROAD-Project/OpenROAD/1980eac51b431d5cd46c1cde825d5f7a498fd54e/LICENSE,BSD-3-Clause,2026-09-11,license notice,read-only GitHub connector; exact returned bytes,licenses/OpenROAD-LICENSE,redistribution terms,no
IEEE journal class and bibliography family,https://template-selector.ieee.org/,upstream file-header terms retained,2026-09-11,publisher template asset,supplied matching template archive; selector inaccessible,paper/IEEEtran.cls; paper/IEEEtran.bst,journal-family formatting; exact selector match remains open,no
TCAD submission guide,https://ieee-ceda.org/publications/tcad/tcad-paper-submissions,publisher website; not redistributed,2026-09-11,official workflow source,full guide read online,plan/state only; not a scholarly manuscript reference,length; type size; single-anonymous review; AI-use obligations,no
Device Placement Optimization with Reinforcement Learning,https://proceedings.mlr.press/v70/mirhoseini17a.html,paper publisher terms; not redistributed,2026-09-11,scholarly publication,substantive full paper read at arXiv:1706.04972; official metadata checked,citation and bounded source notes,"TensorFlow device assignment is methodological background, not floorplan certificate",no
A graph placement methodology for fast chip design,https://doi.org/10.1038/s41586-021-03544-w,publisher terms; not redistributed,2026-09-11,scholarly publication,"publisher abstract, history and author-role material; full text not obtained",citation only; not counted as full-paper calibration,physical-design comparison; no inherited performance,no
Addendum: A graph placement methodology for fast chip design,https://doi.org/10.1038/s41586-024-08032-5,publisher terms; not redistributed,2026-09-11,scholarly addendum,publisher metadata and partial preview; full paper not obtained,citation only; not counted as full-paper calibration,clarification of the 2021 work; Goldie first and Mirhoseini second in author list,no
VLSI module placement based on rectangle-packing by the sequence-pair,https://doi.org/10.1109/43.552084,publisher terms; not redistributed,2026-09-11,scholarly publication,substantive full paper read via https://limsk.ece.gatech.edu/book/papers/sequence-pair.pdf,citation and source notes,finite relative-position encoding and realizability; area packing,no
An exact algorithm for wirelength optimal placements in VLSI design,https://doi.org/10.1016/j.vlsi.2015.07.001,publisher terms; author-posted manuscript not redistributed,2026-09-11,scholarly publication,"author-posted ResearchGate text; model, exact algorithm, optimality, net-reduction passages read; not all figures inspected",citation; conventional independently implemented null baseline,exact HPWL prior work; Section 5.5.1 constant-net simplification,no
Bucket elimination: A unifying framework for reasoning,https://doi.org/10.1016/S0004-3702(99)00059-4,publisher terms; not redistributed,2026-09-11,scholarly publication,publisher abstract and bibliographic metadata; full paper not read,generic DP/width attribution only,general elimination framework; no claimed full comparison,no
Hier-RTLMP,https://arxiv.org/html/2304.11761v1,arXiv source terms; not redistributed,2026-09-11,scholarly preprint,partial full-text HTML; approach and hierarchical shaping/placement passages read,citation; not counted as full final-journal-paper read,existing multilevel physical hierarchy and pin abstraction,no
Chiplet3D,https://arxiv.org/html/2607.09742v1,arXiv source terms; not redistributed,2026-09-11,scholarly preprint,model and method passages; not counted as complete paper read,citation; exact title/author metadata verified,recent true-pin HPWL and thermal MILP comparison; no executed baseline,no
A Procedure for Placement of Standard-Cell VLSI Circuits,https://doi.org/10.1109/TCAD.1985.1270101,publisher terms; not redistributed,2026-09-11,scholarly publication,metadata/abstract only; full text unavailable through attempted routes,unresolved closest-work gate; not manuscript bibliography padding,terminal-propagation comparison still required,no
{Chiplet3D}: Pin- and Thermal-Aware {3D} Chiplet Floorplanning via Convolution-Embedded {MILP},https://arxiv.org/abs/2607.09742,Bibliographic/technical citation only; publication not redistributed,2026-09-13,scholarly article or academic preprint,Publisher or author-institution abstract and metadata,citation and relevance audit; no upstream implementation modified,Recent physical model includes three-dimensional and thermal objectives excluded here,no
A Procedure for Placement of Standard-Cell {VLSI} Circuits,https://collaborate.princeton.edu/en/publications/a-procedure-for-placement-of-standard-cell-vlsi-circuits/,Bibliographic/technical citation only; publication not redistributed,2026-09-13,scholarly article or academic preprint,Publisher or author-institution abstract and metadata,citation and relevance audit; no upstream implementation modified,Hierarchical placement and exterior connection handling are established,no
Automatic Floorplan Design,https://research.ibm.com/publications/automatic-floorplan-design,Bibliographic/technical citation only; publication not redistributed,2026-09-13,scholarly article or academic preprint,Publisher or author-institution abstract and metadata,citation and relevance audit; no upstream implementation modified,Slicing structures and area/shape optimization are established,no
Optimal Orientations of Cells in Slicing Floorplan Designs,https://research.ibm.com/publications/optimal-orientations-of-cells-in-slicing-floorplan-designs,Bibliographic/technical citation only; publication not redistributed,2026-09-13,scholarly article or academic preprint,Publisher or author-institution abstract and metadata,citation and relevance audit; no upstream implementation modified,Orientation optimization on supplied slicing structure has prior exact algorithms,no
A New Algorithm for Floorplan Design,https://doi.org/10.1145/318013.318030,Bibliographic/technical citation only; publication not redistributed,2026-09-13,scholarly article or academic preprint,Publisher or author-institution abstract and metadata,citation and relevance audit; no upstream implementation modified,Normalized Polish expressions and area/wirelength annealing,no
Floorplanning Using a Tree Representation,https://ieee-ceda.org/media/floorplanning-using-tree-representation,Bibliographic/technical citation only; publication not redistributed,2026-09-13,scholarly article or academic preprint,Publisher or author-institution abstract and metadata,citation and relevance audit; no upstream implementation modified,O-tree encodes compacted nonslicing geometry rather than objective response functions,no
{B*}-Trees: A New Representation for Non-Slicing Floorplans,https://doi.org/10.1145/337292.337541,Bibliographic/technical citation only; publication not redistributed,2026-09-13,scholarly article or academic preprint,Publisher or author-institution abstract and metadata,citation and relevance audit; no upstream implementation modified,Ordered-tree geometric representation and direct packing evaluation,no
{TCG-S}: Orthogonal Coupling of {P}-Admissible Representations for General Floorplans,https://researchoutput.ncku.edu.tw/zh/publications/tcg-s-orthogonal-coupling-of-p-admissible-representations-for-gen-2/,Bibliographic/technical citation only; publication not redistributed,2026-09-13,scholarly article or academic preprint,Publisher or author-institution abstract and metadata,citation and relevance audit; no upstream implementation modified,Combining geometric representation strengths and incremental updates is established,no
{TCG}: A Transitive Closure Graph-Based Representation for General Floorplans,https://researchoutput.ncku.edu.tw/en/publications/tcg-a-transitive-closure-graph-based-representation-for-general-f/,Bibliographic/technical citation only; publication not redistributed,2026-09-13,scholarly article or academic preprint,Publisher or author-institution abstract and metadata,citation and relevance audit; no upstream implementation modified,Transitive closure preserves explicit module geometric relations,no
Rectilinear Block Placement Using {B*}-Trees,https://doi.org/10.1145/762488.762490,Bibliographic/technical citation only; publication not redistributed,2026-09-13,scholarly article or academic preprint,Publisher or author-institution abstract and metadata,citation and relevance audit; no upstream implementation modified,"Rectilinear-block feasibility conditions, unlike disjoint rectangle ownership",no
Arbitrarily Shaped Rectilinear Module Placement Using the Transitive Closure Graph Representation,https://researchoutput.ncku.edu.tw/en/publications/arbitrarily-shaped-rectilinear-module-placement-using-the-transit/,Bibliographic/technical citation only; publication not redistributed,2026-09-13,scholarly article or academic preprint,Publisher or author-institution abstract and metadata,citation and relevance audit; no upstream implementation modified,Whole rectilinear-module feasibility is a genuine geometric condition absent from this model,no
Floorplanning with Abutment Constraints Based on Corner Block List,https://doi.org/10.1016/S0167-9260(01)00022-0,Bibliographic/technical citation only; publication not redistributed,2026-09-13,scholarly article or academic preprint,Publisher or author-institution abstract and metadata,citation and relevance audit; no upstream implementation modified,Abutment constraints need explicit geometric state beyond fixed owner separation,no
{VLSI} Floorplanning with Boundary Constraints Based on Corner Block List,https://doi.org/10.1145/370155.370521,Bibliographic/technical citation only; publication not redistributed,2026-09-13,scholarly article or academic preprint,Publisher or author-institution abstract and metadata,citation and relevance audit; no upstream implementation modified,Prior necessary/sufficient boundary-characterization results must not be rebranded,no
Modern Fixed-Outline Floorplanning with Rectilinear Soft Modules,https://doi.org/10.1145/3676536.3676818,Bibliographic/technical citation only; publication not redistributed,2026-09-13,scholarly article or academic preprint,"Publisher abstract/metadata; 2024 conference, online record dated April 2025",citation and relevance audit; no upstream implementation modified,Current fixed-outline optimization changes shape and handles soft modules,no
Implementation and Extensibility of an Analytic Placer,https://vlsicad.eecs.umich.edu/BK/Slots/cache/vlsicad.ucsd.edu/APlace/,Bibliographic/technical citation only; publication not redistributed,2026-09-13,scholarly article or academic preprint,Publisher or author-institution abstract and metadata,citation and relevance audit; no upstream implementation modified,"Smooth wirelength and density constrained analytical placement, not exact certification",no
{NTUplace3}: An Analytical Placer for Large-Scale Mixed-Size Designs with Preplaced Blocks and Density Constraints,https://scholars.lib.ntu.edu.tw/entities/publication/588bd347-9553-45b4-8dcf-a912e9c2d8a1,Bibliographic/technical citation only; publication not redistributed,2026-09-13,scholarly article or academic preprint,Publisher or author-institution abstract and metadata,citation and relevance audit; no upstream implementation modified,Multilevel log-sum-exp placement with preplaced blocks and density constraints,no
{NTUplace4h}: A Novel Routability-Driven Placement Algorithm for Hierarchical Mixed-Size Circuit Designs,https://scholars.lib.ntu.edu.tw/entities/publication/10fed266-98b4-4403-9e51-bdf4438c67a0,Bibliographic/technical citation only; publication not redistributed,2026-09-13,scholarly article or academic preprint,Publisher or author-institution abstract and metadata,citation and relevance audit; no upstream implementation modified,"Hierarchy, pin density, narrow channels and routability are important excluded objectives",no
{RePlAce}: Advancing Solution Quality and Routability Validation in Global Placement,https://github.com/The-OpenROAD-Project/RePlAce,Bibliographic/technical citation only; publication not redistributed,2026-09-13,scholarly article or academic preprint,Publisher or author-institution abstract and metadata,citation and relevance audit; no upstream implementation modified,"Global analytical placement and routed validation, not a baseline executed in this campaign",no
{DREAMPlace}: Deep Learning Toolkit-Enabled {GPU} Acceleration for Modern {VLSI} Placement,https://ieee-ceda.org/media/dreamplace-deep-learning-toolkit-enabled-gpu-acceleration-modern-vlsi-placement,Bibliographic/technical citation only; publication not redistributed,2026-09-13,scholarly article or academic preprint,Publisher or author-institution abstract and metadata,citation and relevance audit; no upstream implementation modified,GPU acceleration of placement operators is distinct from this CPU certificate computation,no
Tree Clustering for Constraint Networks,https://doi.org/10.1016/0004-3702(89)90037-4,Bibliographic/technical citation only; publication not redistributed,2026-09-13,scholarly article or academic preprint,Publisher or author-institution abstract and metadata,citation and relevance audit; no upstream implementation modified,Regrouping constraints into hierarchical structures for search-free propagation,no
Semiring-Based Constraint Satisfaction and Optimization,https://research.unipg.it/handle/11391/120843,Bibliographic/technical citation only; publication not redistributed,2026-09-13,scholarly article or academic preprint,Publisher or author-institution abstract and metadata,citation and relevance audit; no upstream implementation modified,Projection and combination in weighted constraint optimization are generic foundations,no
Complexity of {K}-Tree Structured Constraint Satisfaction Problems,https://www.aiinternational.org/Library/AAAI/1990/aaai90-001.php,Bibliographic/technical citation only; publication not redistributed,2026-09-13,scholarly article or academic preprint,Publisher or author-institution abstract and metadata,citation and relevance audit; no upstream implementation modified,Bounded structural width results need explicit domain-size dependence,no
A Linear-Time Algorithm for Finding Tree-Decompositions of Small Treewidth,https://doi.org/10.1137/S0097539793251219,Bibliographic/technical citation only; publication not redistributed,2026-09-13,scholarly article or academic preprint,Publisher or author-institution abstract and metadata,citation and relevance audit; no upstream implementation modified,Graph treewidth is not this paper's live-net cut width,no
The Generalized Distributive Law,https://authors.library.caltech.edu/records/sw1pm-bwj40,Bibliographic/technical citation only; publication not redistributed,2026-09-13,scholarly article or academic preprint,Publisher or author-institution abstract and metadata,citation and relevance audit; no upstream implementation modified,Junction-tree exactness and general message-passing algebra precede this work,no
Certifying Algorithms,https://doi.org/10.1016/j.cosrev.2010.09.009,Bibliographic/technical citation only; publication not redistributed,2026-09-13,scholarly article or academic preprint,Publisher or author-institution abstract and metadata,citation and relevance audit; no upstream implementation modified,An output witness reduces trust in a complex producer; replay must be specified,no
Proof-Carrying Code,https://doi.org/10.1145/263699.263712,Bibliographic/technical citation only; publication not redistributed,2026-09-13,scholarly article or academic preprint,Publisher or author-institution abstract and metadata,citation and relevance audit; no upstream implementation modified,"Producer/checker trust separation, not a claim of proof-carrying machine code here",no
Verifying Integer Programming Results,https://arxiv.org/abs/1611.08832,Bibliographic/technical citation only; publication not redistributed,2026-09-13,scholarly article or academic preprint,Publisher or author-institution abstract and metadata,citation and relevance audit; no upstream implementation modified,Integer optimization certificates check inference steps independently of the solver,no
The Dead-End Elimination Theorem and Its Use in Protein Side-Chain Positioning,https://doi.org/10.1038/356539a0,Bibliographic/technical citation only; publication not redistributed,2026-09-13,scholarly article or academic preprint,Publisher or author-institution abstract and metadata,citation and relevance audit; no upstream implementation modified,Dominated alternatives can be eliminated without losing a global energy minimum,no
Efficient Rotamer Elimination Applied to Protein Side-Chains and Related Spin Glasses,https://doi.org/10.1016/S0006-3495(94)80923-3,Bibliographic/technical citation only; publication not redistributed,2026-09-13,scholarly article or academic preprint,Publisher or author-institution abstract and metadata,citation and relevance audit; no upstream implementation modified,Compare paired response differences before extremization; elimination itself is not new,no
The Complexity of Theorem-Proving Procedures,https://doi.org/10.1145/800157.805047,Bibliographic/technical citation only; publication not redistributed,2026-09-13,scholarly article or academic preprint,Publisher or author-institution abstract and metadata,citation and relevance audit; no upstream implementation modified,SAT complexity background for the explicit HPWL dominance reduction,no
Abacus: Fast Legalization of Standard Cell Circuits with Minimal Movement,https://portal.fis.tum.de/en/publications/abacus-fast-legalization-of-standard-cell-circuits-with-minimal-m/,Bibliographic/technical citation only; publication not redistributed,2026-09-13,scholarly article or academic preprint,Publisher or author-institution abstract and metadata,citation and relevance audit; no upstream implementation modified,Standard-cell legalization is a real geometric repair problem excluded by ownership,no
A Linear-Time Heuristic for Improving Network Partitions,https://ieeexplore.ieee.org/document/1585498/,Bibliographic/technical citation only; publication not redistributed,2026-09-13,scholarly article or academic preprint,Publisher or author-institution abstract and metadata,citation and relevance audit; no upstream implementation modified,"Net-cut reduction is a hierarchy construction objective, not an HPWL certificate",no
{Hier-RTLMP}: A Hierarchical Automatic Macro Placer for Large-Scale Complex {IP} Blocks,https://arxiv.org/html/2304.11761v2,Bibliographic/technical citation only; publication not redistributed,2026-09-13,scholarly article or academic preprint,"Substantive author full-text sections on hierarchy, shape functions, placement and evaluation; not counted as completed calibration",citation and relevance audit; no upstream implementation modified,Other parent-level clusters become fixed terminals; sequence-pair annealing differs from exact response certificates,no
"{RTL-MP}: Toward Practical, Human-Quality Chip Planning and Macro Placement",https://doi.org/10.1145/3505170.3506731,Bibliographic/technical citation only; publication not redistributed,2026-09-13,scholarly article or academic preprint,Publisher or author-institution abstract and metadata,citation and relevance audit; no upstream implementation modified,Logical hierarchy and dataflow guide physical clustering and macro placement,no
{GOALPlace}: Begin with the End in Mind,https://research.nvidia.com/labs/electronic-design-automation/publication/liang2024gp/,Bibliographic/technical citation only; publication not redistributed,2026-09-13,scholarly article or academic preprint,Publisher or author-institution abstract and metadata,citation and relevance audit; no upstream implementation modified,Post-route density targets and empirical-Bayes adaptation optimize a different practical objective,no
An Updated Assessment of Reinforcement Learning for Macro Placement,https://doi.org/10.1109/TCAD.2025.3644293,Bibliographic/technical citation only; publication not redistributed,2026-09-13,peer-reviewed scholarly article,TCAD DOI/publication metadata verified; latest author preprint used for full technical reading,citation and relevance audit; no upstream implementation modified,Reproducible fair-baseline assessment and post-route comparison; peer-reviewed TCAD version cited,no
Fixed-Outline Floorplanning: Enabling Hierarchical Design,https://doi.org/10.1109/TVLSI.2003.817546,Bibliographic/technical citation only; publication not redistributed,2026-09-13,scholarly article or academic preprint,Publisher or author-institution abstract and metadata,citation and relevance audit; no upstream implementation modified,Fixed-outline constraints are a preexisting central floorplanning problem,no
{AutoDMP}: Automated {DREAMPlace}-Based Macro Placement,https://research.nvidia.com/publication/2023-03_autodmp-automated-dreamplace-based-macro-placement,Bibliographic/technical citation only; publication not redistributed,2026-09-13,scholarly article or academic preprint,Publisher or author-institution abstract and metadata,citation and relevance audit; no upstream implementation modified,Joint macro/cell placement and multiobjective parameter optimization are not finite-portfolio enumeration,no
Toward an Open-Source Digital Flow: First Learnings from the {OpenROAD} Project,https://experts.azregents.edu/en/publications/invited-toward-an-open-source-digital-flow-first-learnings-from-t/,Bibliographic/technical citation only; publication not redistributed,2026-09-13,scholarly article or academic preprint,Publisher or author-institution abstract and metadata,citation and relevance audit; no upstream implementation modified,Public physical-design infrastructure provenance; importing a regression is not executing its flow,no
Factor Graphs and the Sum-Product Algorithm,https://www.comm.utoronto.ca/~frank/papers.html,Bibliographic/technical citation only; publication not redistributed,2026-09-13,scholarly article or academic preprint,Publisher or author-institution abstract and metadata,citation and relevance audit; no upstream implementation modified,Graphical local computation and messages are established abstractions,no
Multilevel k-Way Hypergraph Partitioning,https://onlinelibrary.wiley.com/doi/10.1155/2000/19436,Bibliographic/technical citation only; publication not redistributed,2026-09-13,scholarly article or academic preprint,Publisher or author-institution abstract and metadata,citation and relevance audit; no upstream implementation modified,Hypergraph cut criteria inform hierarchy selection but are not wirelength certificates,no
Design Hierarchy Guided Multilevel Circuit Partitioning,https://doi.org/10.1145/505388.505398,Bibliographic/technical citation only; publication not redistributed,2026-09-13,scholarly article or academic preprint,Publisher or author-institution abstract and metadata,citation and relevance audit; no upstream implementation modified,Logical hierarchy is useful but must be reconciled with physical connectivity,no
The {ISPD2005} Placement Contest and Benchmark Suite,https://www.researchgate.net/publication/220915345_The_ISPD2005_placement_contest_and_benchmark_suite,Bibliographic/technical citation only; publication not redistributed,2026-09-13,scholarly article or academic preprint,Author-uploaded substantive paper text and original DOI record,citation and relevance audit; no upstream implementation modified,Pin-offset HPWL and legality are independently evaluated on much larger public designs,no
The {ISPD-2011} Routability-Driven Placement Contest and Benchmark Suite,https://www.ispd.cc/contests/11/ispd2011_contest.html,Bibliographic/technical citation only; publication not redistributed,2026-09-13,scholarly article or academic preprint,Official contest source identifies paper and routability protocol; paper full-text calibration not claimed,citation and relevance audit; no upstream implementation modified,Routability and overflow evaluation cannot be replaced by an HPWL guarantee,no
Optimal Cell Flipping in Placement and Floorplanning,https://doi.org/10.1145/1146909.1147189,Bibliographic/technical citation only; publication not redistributed,2026-09-13,scholarly article or academic preprint,Publisher or author-institution abstract and metadata,citation and relevance audit; no upstream implementation modified,Independent/strictly/conditionally solvable orientations precede exact MILP; option elimination itself is not novel,no
"{FastPlace}: Efficient Analytical Placement Using Cell Shifting, Iterative Local Refinement, and a Hybrid Net Model",https://doi.org/10.1109/TCAD.2005.846365,Bibliographic/technical citation only; publication not redistributed,2026-09-13,scholarly article or academic preprint,Publisher or author-institution abstract and metadata,citation and relevance audit; no upstream implementation modified,Quadratic hybrid-net placement and shifting address scale rather than certifying a supplied portfolio,no
{ePlace}: Electrostatics-Based Placement Using Fast Fourier Transform and Nesterov's Method,https://doi.org/10.1145/2699873,Bibliographic/technical citation only; publication not redistributed,2026-09-13,scholarly article or academic preprint,Publisher or author-institution abstract and metadata,citation and relevance audit; no upstream implementation modified,"Electrostatic density, FFT and smooth optimization model physical placement differently",no
{ePlace-MS}: Electrostatics-Based Placement for Mixed-Size Circuits,https://ieeexplore.ieee.org/document/7008518/,Bibliographic/technical citation only; publication not redistributed,2026-09-13,scholarly article or academic preprint,Publisher or author-institution abstract and metadata,citation and relevance audit; no upstream implementation modified,Mixed-size optimization and macro legalization differ from assuming all owner alternatives legal,no
Optimal Partitioners and End-Case Placers for Standard-Cell Layout,https://web.eecs.umich.edu/~imarkov/researchQ1.html,Bibliographic/technical citation only; publication not redistributed,2026-09-13,scholarly article or academic preprint,Author publication record and substantive abstract; publisher page boundary resolves 1313/1314 discrepancy,citation and relevance audit; no upstream implementation modified,"Small exact optimization can support larger placement flows, but integration must be demonstrated",no
{DREAMPlace} 3.0: Multi-Electrostatics Based Robust {VLSI} Placement with Region Constraints,https://experts.azregents.edu/en/publications/dreamplace-30-multi-electrostatics-based-robust-vlsi-placement-wi-2/,Bibliographic/technical citation only; publication not redistributed,2026-09-13,scholarly article or academic preprint,Publisher or author-institution abstract and metadata,citation and relevance audit; no upstream implementation modified,Region constraints already appear in large analytical placers; ownership alone is not novelty,no
An Exact Algorithm for Placement Optimization in Circuit Design,https://www.engineering.org.cn/engi/EN/1160000241195868184,Bibliographic/technical citation only; publication not redistributed,2026-09-13,scholarly article or academic preprint,Publisher or author-institution abstract and metadata,citation and relevance audit; no upstream implementation modified,Benders decomposition solves a richer exact placement model with nonoverlap and alignment constraints,no
Floorplanning with {I/O} Assignment via Feasibility-Seeking and Superiorization Methods,https://arxiv.org/html/2406.03165,Bibliographic/technical citation only; publication not redistributed,2026-09-13,scholarly article or academic preprint,Publisher or author-institution abstract and metadata,citation and relevance audit; no upstream implementation modified,Nonconvex packing feasibility and superiorization differ from exact minimum response selection,no
{SimPL}: An Effective Placement Algorithm,https://ieee-ceda.org/media/simpl-effective-placement-algorithm,Bibliographic/technical citation only; publication not redistributed,2026-09-13,scholarly article or academic preprint,Publisher or author-institution abstract and metadata,citation and relevance audit; no upstream implementation modified,Look-ahead legalization and upper/lower placement estimates are not this exact portfolio certificate,no
Accelerating Electrostatics-Based Global Placement with Enhanced {FFT} Computation,https://experts.umn.edu/en/publications/accelerating-electrostatics-based-global-placement-with-enhanced-/,Bibliographic/technical citation only; publication not redistributed,2026-09-13,scholarly article or academic preprint,Publisher or author-institution abstract and metadata,citation and relevance audit; no upstream implementation modified,Recent FFT operator acceleration underscores that fewer DP transitions are not a cross-tool speedup,no
CORE hp.block,https://raw.githubusercontent.com/yeshenpy/CORE/main/input_pa2/hp.block,CORE repository non-commercial research license; exact notice retained,2026-09-15,exact public benchmark text,read-only GitHub connector; exact returned UTF-8 text,data/upstream/core/hp.block; deterministic macro-only adapter,hp block dimensions and net incidence provenance; not original pin geometry or placement,no
CORE hp.nets,https://raw.githubusercontent.com/yeshenpy/CORE/main/input_pa2/hp.nets,CORE repository non-commercial research license; exact notice retained,2026-09-15,exact public benchmark text,read-only GitHub connector; exact returned UTF-8 text,data/upstream/core/hp.nets; deterministic macro-only adapter,hp block dimensions and net incidence provenance; not original pin geometry or placement,no
CORE n10.block,https://raw.githubusercontent.com/yeshenpy/CORE/main/input_pa2/n10.block,CORE repository non-commercial research license; exact notice retained,2026-09-15,exact public benchmark text,read-only GitHub connector; exact returned UTF-8 text,data/upstream/core/n10.block; deterministic macro-only adapter,n10 block dimensions and net incidence provenance; not original pin geometry or placement,no
CORE n10.nets,https://raw.githubusercontent.com/yeshenpy/CORE/main/input_pa2/n10.nets,CORE repository non-commercial research license; exact notice retained,2026-09-15,exact public benchmark text,read-only GitHub connector; exact returned UTF-8 text,data/upstream/core/n10.nets; deterministic macro-only adapter,n10 block dimensions and net incidence provenance; not original pin geometry or placement,no
CORE apte.block,https://raw.githubusercontent.com/yeshenpy/CORE/main/input_pa2/apte.block,CORE repository non-commercial research license; exact notice retained,2026-09-15,exact public benchmark text,read-only GitHub connector; exact returned UTF-8 text,data/upstream/core/apte.block; deterministic macro-only adapter,apte block dimensions and net incidence provenance; not original pin geometry or placement,no
CORE apte.nets,https://raw.githubusercontent.com/yeshenpy/CORE/main/input_pa2/apte.nets,CORE repository non-commercial research license; exact notice retained,2026-09-15,exact public benchmark text,read-only GitHub connector; exact returned UTF-8 text,data/upstream/core/apte.nets; deterministic macro-only adapter,apte block dimensions and net incidence provenance; not original pin geometry or placement,no
CORE repository license notice,https://raw.githubusercontent.com/yeshenpy/CORE/main/LICENSE,Non-commercial research-use terms as retained verbatim,2026-09-15,license notice,read-only GitHub connector; exact returned text,licenses/CORE-NONCOMMERCIAL-LICENSE,redistribution and use boundary for retained CORE texts,no
CORE xerox.block,https://raw.githubusercontent.com/yeshenpy/CORE/main/input_pa2/xerox.block,CORE repository non-commercial research license; exact notice retained,2026-09-16,exact public benchmark text,read-only GitHub connector; exact returned bytes; upstream Git blob dda5e24011b33025ad15957c92dbe7a7fcdfbac6,data/upstream/core/xerox.block; deterministic macro-only adapter,xerox block dimensions and terminal inventory provenance; not original pin geometry or placement,no
CORE xerox.nets,https://raw.githubusercontent.com/yeshenpy/CORE/main/input_pa2/xerox.nets,CORE repository non-commercial research license; exact notice retained,2026-09-16,exact public benchmark text,read-only GitHub connector; exact returned bytes; upstream Git blob 2b47185ac80d03a03d5e3c8cfd45d8aa9d5a0c70,data/upstream/core/xerox.nets; deterministic macro-only adapter,xerox source-net and induced-hypergraph provenance; not original pin geometry or placement,no
CORE NeurIPS paper,https://proceedings.neurips.cc/paper_files/paper/2025/hash/cc0f00fd7c873fe2b196529e19b1a6bf-Abstract-Conference.html,citation and reading only; paper not redistributed,2026-09-16,scholarly publication,official NeurIPS full text and metadata,bibliographic comparison and provenance citation only,recent evolutionary-RL floorplanning context and source-repository identity,no
SciPy optimize.milp,https://docs.scipy.org/doc/scipy/reference/generated/scipy.optimize.milp.html,BSD-3-Clause; notice retained,2026-09-20,independent optimization software dependency,preinstalled lawful Python package in the execution environment,transparent wrapper in src/milp_oracle.py; package binaries are not redistributed,"independent one-hot MILP optimum cross-check, exact witness re-evaluation, and reported optimality gap",no
HiGHS mixed-integer optimizer,https://highs.dev/,MIT; notice retained,2026-09-20,independent optimization solver used through SciPy,invoked only through the public scipy.optimize.milp interface,unmodified solver backend; package binaries are not redistributed,third-route global optimum cross-check distinct from dynamic programming and replay checking,no
Reducibility Among Combinatorial Problems,https://doi.org/10.1007/978-1-4684-2001-2_9,Bibliographic/technical citation only; publication not redistributed,2026-09-20,scholarly book chapter,Publisher metadata and standard theorem context,citation only; no implementation modified,restricted satisfiability source for the coNP-hardness reduction,no
