group,key,venue_year,full_text_url,access_date,edition_read,pages_or_sections,motivating_problem,central_principle,proof_or_performance_argument,practical_connection,evaluation_breadth,artifact_strength,narrative_sequence,section_pattern,bibliography_size,figure_table_roles,delta_to_this_work,calibration_status
same-venue,murata1996,TCAD 1996,https://doi.org/10.1109/43.552084,2026-09-15,archival journal PDF,7 pp.,encode nonslicing floorplans without enumerating geometric coordinates,sequence-pair gives a finite P-admissible relative-position representation,representation/packing correctness plus simulated-annealing search,module floorplanning and wirelength-aware packing,MCNC and synthetic hard-block cases; quality/runtime comparisons,paper-level algorithm; no maintained executable identified,motivation -> representation requirements -> encode/decode theory -> search -> experiments,6 technical sections plus conclusion,≈22 refs,step-line/order diagrams explain representation; tables compare area/wirelength/runtime,it searches legal packings; this work assumes portfolios and certifies response dominance,complete
same-venue,aplace2005,TCAD 2005,https://doi.org/10.1109/TCAD.2005.846366,2026-09-15,journal full text / author copy,14 pp.,spread cells while minimizing smooth wirelength in scalable analytical placement,combine log-sum-exp-like wirelength and density/spreading objectives in nonlinear optimization,objective analysis and empirical sensitivity/extensibility studies,global placement with congestion-aware extensions,IBM/ISPD-era standard-cell suites; multiple objective and congestion studies,research prototype described; historical code availability not relied upon,problem -> objective analysis -> implementation extensions -> benchmark comparisons,method components followed by experiments and conclusions,≈40 refs,objective-shape plots and placement/congestion tables carry evidence,continuous heuristic placement; no finite optimum or replay certificate,complete
same-venue,optimalpart2000,TCAD 2000,https://doi.org/10.1109/43.892854,2026-09-15,author manuscript / archival article,10 pp.,improve top-down placement end cases where heuristics lose quality,invoke exact partitioning and branch-and-bound placement below size thresholds,optimality of subproblem solvers plus controlled integration experiments,exact end-case engines inside a scalable standard-cell flow,industrial/benchmark circuits; threshold and quality/runtime studies,"algorithm descriptions and executable lineage, but no modern replay certificate",motivation -> exact subsolvers -> integration -> experimental tradeoffs,"partitioner, end-case placer, integration, results",≈25 refs,flow diagrams and threshold/result tables show practical insertion,"supports exact subproblems, but not live-net response interfaces or coverage proofs",complete
same-venue,whitespace2003,TCAD 2003,https://doi.org/10.1109/TCAD.2003.818375,2026-09-15,author-uploaded journal PDF,7 pp.,prevent local whitespace starvation in recursive top-down placement,derive partition tolerances from relative whitespace and row count,mathematical tolerance model plus overlap/wirelength experiments,recursive min-cut placement with scarce or abundant whitespace,"six industrial cases, 2.7K--117K cells, whitespace 11--30%",C++ prototype reported; no reusable checker artifact,problem -> whitespace model -> tolerance derivation -> implementation -> results,"model, algorithmic use, experiments, conclusions",≈20 refs,tolerance curves and result tables connect derivation to overlap/wirelength,allocates geometry during hierarchy; does not preserve uncommitted external HPWL response,complete
same-venue,fasthier2006,TCAD 2006,https://doi.org/10.1109/TCAD.2006.870079,2026-09-15,archival journal PDF,14 pp.,make quadratic placement scalable through hierarchy without severe quality loss,"fine-grain clustering, propagated terminals, quadratic placement and declustering/refinement",algorithmic derivation plus quality/runtime comparisons,physical-synthesis placement on large netlists,ISPD/industrial-scale benchmarks; clustering/runtime/quality ablations,implementation evaluated; no certificate/replay artifact,motivation -> clustering/terminal propagation -> solver -> refinement -> experiments,"hierarchy construction, placement engine, refinement, evaluation",≈35 refs,clustering/terminal diagrams and runtime/wirelength tables carry argument,commits propagated terminals and heuristic positions; this work retains exact response functions,complete
same-venue,fastplace2005,TCAD 2005,https://doi.org/10.1109/TCAD.2005.846365,2026-09-15,author-uploaded full paper / journal version,12 pp.,obtain fast global placement despite overlap and quadratic-model mismatch,"cell shifting, iterative local refinement, and a clique/star hybrid net model",equivalence proof for net models plus empirical speed/quality comparisons,large standard-cell placement with detailed legalization,"IBM benchmarks; comparisons with Capo, Dragon and Gordian-Domino",published implementation description; no replay certificate,motivation -> three-stage flow -> model proof -> shifting/refinement -> experiments,9 sections including model theorem and evaluation,≈20 refs,"net-model schematics, bin diagrams and runtime tables explain mechanisms","heuristic scalable placement; exactness is limited to a net-model identity, not the placement optimum",complete
same-venue,simpl2012,TCAD 2012,https://doi.org/10.1109/TCAD.2011.2170567,2026-09-15,journal full text / author copy,11 pp.,simplify and accelerate high-quality global placement,maintain converging lower/upper placements using look-ahead legalization,algorithmic bounds/intuition and extensive empirical comparisons,integration-friendly global placement and parallel execution,"ISPD 2005 and larger cases; quality, runtime and threading studies",prototype/results; no independent result checker,problem -> paired placements -> legalization/refinement -> parallelism -> experiments,"algorithm, implementation, empirical study, conclusion",≈35 refs,convergence illustrations and comparative tables establish quality/runtime,upper/lower heuristic estimates differ from exact lower-envelope state dominance,complete
same-venue,eplacems2015,TCAD 2015,https://doi.org/10.1109/TCAD.2015.2391263,2026-09-15,archival full article,14 pp.,handle macros and cells in nonlinear electrostatic placement,"mixed-size electrostatic density, Nesterov optimization, preconditioning, macro legalization and second global placement",gradient/numerical analysis plus benchmark superiority claims,mixed-size placement flow with macro legalization,16 modern mixed-size circuits; NTUplace3 comparison and ablations,research prototype described; no certificate artifact,model -> numerical method -> macro handling -> integrated flow -> evaluation,"theory/model, solver, legalization, experiments",≈45 refs,density/force figures and benchmark tables support numerical and practical claims,solves richer geometry heuristically; this work assumes every candidate already legal,complete
same-venue,hierrtlmp2024,TCAD 2024,https://arxiv.org/abs/2304.11761,2026-09-15,author full-text preprint corresponding to TCAD article,14 pp.,place large complex IP blocks while respecting logical/dataflow hierarchy,"multilevel autoclustering, shape functions, sequence-pair placement and top-down refinement",algorithm design plus post-placement and commercial-flow evaluation,"OpenROAD macro placement with fences, blockages and fixed terminals","open and industrial designs; wirelength, congestion, timing and runtime; post-route evidence",open-source implementation/scripts in OpenROAD,motivation -> hierarchy construction -> shape/placement algorithms -> flow integration -> broad evaluation,"clustering, shape functions, placement, experiments, conclusions",≈40 refs,hierarchy/shape diagrams and multi-metric tables connect algorithm to physical outcomes,"closest practical hierarchy work, but fixes parent-level context rather than certifying all exterior responses",complete
same-venue,yu2025,TCAD 2025,https://arxiv.org/abs/2406.03165,2026-09-15,author full-text preprint / journal article,14 pp.,joint floorplanning and I/O assignment under nonconvex feasibility constraints,feasibility-seeking projections with superiorization for objective reduction,convergence-oriented method discussion plus benchmark comparisons,fixed-outline floorplanning and boundary I/O assignment,MCNC/GSRC-style cases and competing optimizers; feasibility and objective metrics,code availability not used; full algorithm specified,problem -> feasibility formulation -> projection operators -> superiorization -> experiments,"formulation, algorithms, properties, evaluation",≈35 refs,constraint geometry figures and Pareto/result tables show feasibility/quality,optimizes unrestricted coordinates/constraints; not an explicit-portfolio exact certificate,complete
same-venue,replace2019,TCAD 2019,https://github.com/The-OpenROAD-Project/RePlAce,2026-09-15,journal paper plus public implementation documentation,14 pp.,improve nonlinear global placement solution quality and validate routability,"electrostatic density with Nesterov optimization, local smoothing and dynamic step control",algorithmic analysis and routed-quality/benchmark validation,production-oriented global placement across technologies,"contest suites and commercial technologies; wirelength, overflow and routing",BSD open-source implementation and integration into OpenROAD,problem -> solver improvements -> routability validation -> extensive evaluation,"model/algorithm, implementation, experiments, conclusion",≈40 refs,"convergence plots, layouts and routed result tables carry evidence",practical heuristic baseline class; not comparable to a supplied finite-product optimum,complete
same-venue,dream2021,TCAD 2021,https://github.com/limbo018/DREAMPlace,2026-09-15,journal paper plus open-source implementation,14 pp.,accelerate modern VLSI placement without degrading quality,cast placement operators into tensor kernels and customize GPU wirelength/density operations,operator equivalence/engineering analysis plus speed/quality experiments,GPU-accelerated placement toolkit,"ISPD/ICCAD benchmarks; CPU/GPU runtime, determinism and quality",active open-source toolkit with reproducible scripts,motivation -> tensor mapping -> custom kernels -> integration -> evaluation,"framework, operators, implementation, experiments",≈35 refs,kernel/dataflow diagrams and speed/quality tables establish acceleration,accelerates a heuristic physical placer; transition reduction here is not a GPU speed claim,complete
influential,dechter1999,Artificial Intelligence 1999,https://doi.org/10.1016/S0004-3702(99)00059-4,2026-09-15,full journal article,45 pp.,unify exact reasoning tasks through variable elimination,bucket elimination orders functions and combines/eliminates variables locally,correctness by distributive elimination; complexity governed by induced width,"CSP, probabilistic inference, optimization and diagnosis",multiple canonical problem families and complexity comparisons,conceptual algorithmic framework; no single software artifact central,unification motivation -> generic algorithm -> instantiations -> complexity -> discussion,generic framework followed by domain specializations,100+ refs,bucket/order graphs and complexity tables explain genericity,establishes generic elimination; does not identify the HPWL self-context maximizer or coverage certificate,complete
influential,aji2000,IEEE TIT 2000,https://authors.library.caltech.edu/records/sw1pm-bwj40,2026-09-15,author full-text manuscript / journal article,19 pp.,explain many message-passing algorithms as one distributive computation,generalized distributive law on commutative semirings over junction trees,algebraic correctness and complexity conditions plus worked applications,"decoding, transforms, dynamic programming and inference",diverse algebraic examples rather than physical-design benchmarks,theoretical framework; no artifact expected,algebra -> junction tree -> scheduling -> applications -> complexity,"theorems, examples, application sections",≈55 refs,junction-tree/message diagrams and operation-count tables are central,gives the algebraic umbrella; this work contributes a geometry-specific message quotient and checker,complete
influential,factorgraphs2001,IEEE TIT 2001,https://www.comm.utoronto.ca/~frank/papers.html,2026-09-15,author full-text PDF / journal article,22 pp.,represent factorization and derive local sum-product computation,factor graphs expose variables/functions and pass messages on edges,derivation exact on cycle-free graphs; approximate/iterative behavior on cycles,"coding, signal processing, inference and state-space models",many worked algorithms and examples; no benchmark campaign,tutorial/theoretical artifact rather than software,representation -> sum-product derivation -> examples -> cycles -> applications,tutorial sections with repeated algorithm instantiations,≈65 refs,factor-graph diagrams are the primary explanatory device,generic message passing does not prove which placement response parameters are sufficient,complete
influential,necula1997,POPL 1997,https://doi.org/10.1145/263699.263712,2026-09-15,full conference paper,14 pp.,execute untrusted code safely without trusting a complex producer,producer supplies a proof; consumer validates it against a safety policy,formal safety argument and prototype feasibility,mobile/untrusted machine code with small trusted checker,prototype proof generation/checking examples and overhead,prototype architecture; foundational trust-separation pattern,threat model -> proof-carrying architecture -> logic/checker -> implementation -> results,"policy/logic, proof generation, prototype evaluation",≈30 refs,architecture/proof diagrams and overhead tables carry the argument,"inspires producer/checker separation; our certificates are domain-specific coverage witnesses, not machine-code proofs",complete
influential,certifying2011,Computer Science Review 2011,https://doi.org/10.1016/j.cosrev.2010.09.009,2026-09-15,full survey article,43 pp.,reduce trust in sophisticated algorithms by returning checkable witnesses,certifying algorithm emits output plus certificate checked by a simple verifier,domain-by-domain correctness arguments and checker design principles,"graph, geometry, numerical and combinatorial software",broad survey with implemented examples and failure modes,LEDAs/certifying-software lineage; multiple implementations discussed,motivation -> principles -> examples by domain -> engineering guidance -> outlook,survey taxonomy plus detailed exemplars,≈150 refs,certificate diagrams and example tables compare witness/checker patterns,sets the certification standard; this work supplies one exact placement-specific certificate contract,complete
adjacent,funke2016,Integration 2016,https://doi.org/10.1016/j.vlsi.2015.07.001,2026-09-15,full journal article,12 pp.,compute wirelength-optimal VLSI placements exactly,enumerate relative placements and solve the induced wirelength subproblem with flow,exactness proof plus computational evaluation,hard-block floorplanning with wirelength objective,MCNC/GSRC-scale cases and runtime/optimality comparisons,research implementation described; no replay-certificate interface,problem -> relative placement model -> flow formulation -> exact algorithm -> experiments,"formulation, proofs, algorithm, evaluation",≈25 refs,relative-placement schematics and runtime/optimality tables support exactness,strongest exact floorplanning comparator; searches global packings rather than composing supplied portfolios,complete
adjacent,flipping2006,DAC 2006,https://doi.org/10.1145/1146909.1147189,2026-09-15,full conference paper,6 pp.,optimize cell orientations after placement/floorplanning,"classify independent, strict and conditional flips, then solve remaining choices by integer programming",dominance-style orientation conditions plus exact/heuristic experiments,post-placement pin-orientation optimization,standard-cell/floorplanning cases; wirelength and runtime comparisons,algorithm/prototype described; no public replay artifact,motivation -> solvable classes -> IP formulation -> experiments,"definitions/theorems, formulation, evaluation",≈16 refs,orientation examples and summary tables show eliminations and residual IP size,closest physical option-elimination precedent; our relation covers joint live-net responses across a hierarchy,complete
adjacent,karypis2000,VLSI Design 2000,https://doi.org/10.1155/2000/19436,2026-09-15,open full journal article,16 pp.,partition large sparse hypergraphs with high cut quality and speed,"multilevel coarsening, initial partitioning, uncoarsening and refinement",algorithmic rationale plus broad empirical comparison,circuit/hypergraph partitioning used in placement hierarchies,"large benchmark collections; cut quality, balance and runtime",hMETIS software lineage and widely used implementation,problem -> multilevel paradigm -> component algorithms -> experiments -> variants,"coarsening, refinement, evaluation, applications",≈45 refs,multilevel diagrams and benchmark tables establish scaling/quality,"can construct a hierarchy, but does not certify HPWL response equivalence within it",complete
adjacent,cheon2002,ISPD 2002,https://doi.org/10.1145/505388.505398,2026-09-15,full conference paper,6 pp.,combine design hierarchy and connectivity in multilevel circuit partitioning,guide coarsening with logical hierarchy while preserving physical cut objectives,algorithm rationale and cut-quality/runtime evaluation,hierarchy-aware partitioning for physical design,benchmark circuits against conventional multilevel partitioning,conference prototype; no maintained checker artifact,motivation -> hierarchy-guided coarsening -> refinement -> experiments,"method, implementation, evaluation",≈17 refs,hierarchy/coarsening diagrams and cut tables carry evidence,helps choose trees; our theorem assumes a supplied tree and studies exact state replacement,complete
adjacent,goldstein1994,Biophysical Journal 1994,https://doi.org/10.1016/S0006-3495(94)80923-3,2026-09-15,open full journal article,6 pp.,remove rotamers that cannot occur in any global minimum,compare pairwise energy differences under all completions via a sufficient elimination inequality,theorem-level elimination criterion and protein/spin-glass examples,protein side-chain optimization and discrete energy models,worked molecular and spin-glass cases; elimination counts and search reduction,method paper; historical implementations not central,problem -> criterion derivation -> relation to prior DEE -> examples -> implications,"theorem/derivation, examples, discussion",≈25 refs,energy diagrams and elimination/result tables explain the criterion,"generic paired-difference ancestor; HPWL adds a simultaneous geometric maximizer, closure and replay certificate",complete
