key,author,title,venue,year,doi,pages,volume,number,kind,source,basis,claim,access_date
mirhoseini2021,Azalia Mirhoseini and Anna Goldie and Mustafa Yazgan and Joe Wenjie Jiang and Ebrahim Songhori and Shen Wang and Young-Joon Lee and Eric Johnson and Omkar Pathak and Azade Nova and Jiwoo Pak and Andy Tong and Kavya Srinivasa and William Hang and Emre Tuncer and Quoc V. Le and James Laudon and Richard Ho and Roger Carpenter and Jeff Dean,A Graph Placement Methodology for Fast Chip Design,Nature,2021,10.1038/s41586-021-03544-w,207--212,594,,article,https://doi.org/10.1038/s41586-021-03544-w,Publisher or author-institution abstract and metadata,Learning-based physical placement comparison; no inherited industrial performance,2026-09-13
goldie2024,Anna Goldie and Azalia Mirhoseini and others,Addendum: A Graph Placement Methodology for Fast Chip Design,Nature,2024,10.1038/s41586-024-08032-5,E10--E11,634,,article,https://doi.org/10.1038/s41586-024-08032-5,Publisher or author-institution abstract and metadata,Read the correction/addition with the original physical-design paper,2026-09-13
murata1996,Hiroshi Murata and Kunihiro Fujiyoshi and Shigetoshi Nakatake and Yoji Kajitani,{VLSI} Module Placement Based on Rectangle-Packing by the Sequence-Pair,IEEE Trans. Comput.-Aided Design Integr. Circuits Syst.,1996,10.1109/43.552084,1518--1524,15,12,article,https://doi.org/10.1109/43.552084,Full-paper calibration completed; detailed pattern record in literature-calibration.csv,Relative-placement representation and packing precede this interface method,2026-09-15
funke2016,Julia Funke and Stefan Hougardy and Jan Schneider,An Exact Algorithm for Wirelength Optimal Placements in {VLSI} Design,"Integration, the VLSI Journal",2016,10.1016/j.vlsi.2015.07.001,355--366,52,,article,https://doi.org/10.1016/j.vlsi.2015.07.001,Full-paper calibration completed; detailed pattern record in literature-calibration.csv,Exact wirelength-optimal floorplanning already exists; different search space,2026-09-15
dechter1999,Rina Dechter,Bucket Elimination: A Unifying Framework for Reasoning,Artificial Intelligence,1999,10.1016/S0004-3702(99)00059-4,41--85,113,1--2,article,https://doi.org/10.1016/S0004-3702(99)00059-4,Full-paper calibration completed; detailed pattern record in literature-calibration.csv,"Finite elimination is a general algorithmic framework, not a new contribution",2026-09-15
dunlop1985,Alfred E. Dunlop and Brian W. Kernighan,A Procedure for Placement of Standard-Cell {VLSI} Circuits,IEEE Trans. Comput.-Aided Design Integr. Circuits Syst.,1985,10.1109/TCAD.1985.1270101,92--98,4,1,article,https://collaborate.princeton.edu/en/publications/a-procedure-for-placement-of-standard-cell-vlsi-circuits/,Publisher or author-institution abstract and metadata,Hierarchical placement and exterior connection handling are established,2026-09-13
otten1982,Ralph H. J. M. Otten,Automatic Floorplan Design,Proc. DAC,1982,10.1109/DAC.1982.1585510,261--267,,,inproceedings,https://research.ibm.com/publications/automatic-floorplan-design,Publisher or author-institution abstract and metadata,Slicing structures and area/shape optimization are established,2026-09-13
stockmeyer1983,Larry Stockmeyer,Optimal Orientations of Cells in Slicing Floorplan Designs,Information and Control,1983,10.1016/S0019-9958(83)80038-2,91--101,57,2--3,article,https://doi.org/10.1016/S0019-9958(83)80038-2,"Publisher record and author-institution abstract; DOI, volume, issue, and pages checked",Orientation optimization on supplied slicing structure has prior exact algorithms,2026-09-21
wong1986,D. F. Wong and C. L. Liu,A New Algorithm for Floorplan Design,Proc. DAC,1986,10.1145/318013.318030,101--107,,,inproceedings,https://doi.org/10.1145/318013.318030,Publisher or author-institution abstract and metadata,Normalized Polish expressions and area/wirelength annealing,2026-09-13
guo2001,Pei-Ning Guo and Toshihiko Takahashi and Chung-Kuan Cheng and Takeshi Yoshimura,Floorplanning Using a Tree Representation,IEEE Trans. Comput.-Aided Design Integr. Circuits Syst.,2001,10.1109/43.908471,281--289,20,2,article,https://ieee-ceda.org/media/floorplanning-using-tree-representation,Publisher or author-institution abstract and metadata,O-tree encodes compacted nonslicing geometry rather than objective response functions,2026-09-13
chang2000,Yun-Chih Chang and Yao-Wen Chang and Guang-Ming Wu and Shu-Wei Wu,{B*}-Trees: A New Representation for Non-Slicing Floorplans,Proc. DAC,2000,10.1145/337292.337541,458--463,,,inproceedings,https://doi.org/10.1145/337292.337541,Publisher or author-institution abstract and metadata,Ordered-tree geometric representation and direct packing evaluation,2026-09-13
lin2004,Jai-Ming Lin and Yao-Wen Chang,{TCG-S}: Orthogonal Coupling of {P}-Admissible Representations for General Floorplans,IEEE Trans. Comput.-Aided Design Integr. Circuits Syst.,2004,10.1109/TCAD.2004.828114,968--980,23,6,article,https://researchoutput.ncku.edu.tw/zh/publications/tcg-s-orthogonal-coupling-of-p-admissible-representations-for-gen-2/,Publisher or author-institution abstract and metadata,Combining geometric representation strengths and incremental updates is established,2026-09-13
lin2005,Jai-Ming Lin and Yao-Wen Chang,{TCG}: A Transitive Closure Graph-Based Representation for General Floorplans,IEEE Trans. Very Large Scale Integr. (VLSI) Syst.,2005,10.1109/TVLSI.2004.840760,288--292,13,2,article,https://researchoutput.ncku.edu.tw/en/publications/tcg-a-transitive-closure-graph-based-representation-for-general-f/,Publisher or author-institution abstract and metadata,Transitive closure preserves explicit module geometric relations,2026-09-13
wu2003,Guang-Ming Wu and Yun-Chih Chang and Yao-Wen Chang,Rectilinear Block Placement Using {B*}-Trees,ACM Trans. Design Autom. Electron. Syst.,2003,10.1145/762488.762490,188--202,8,2,article,https://doi.org/10.1145/762488.762490,Publisher or author-institution abstract and metadata,"Rectilinear-block feasibility conditions, unlike disjoint rectangle ownership",2026-09-13
ma2001,Yuchun Ma and Xianlong Hong and Sheqin Dong and Yici Cai and Chung-Kuan Cheng and Jun Gu,Floorplanning with Abutment Constraints Based on Corner Block List,"Integration, the VLSI Journal",2001,10.1016/S0167-9260(01)00022-0,65--77,31,1,article,https://doi.org/10.1016/S0167-9260(01)00022-0,Publisher or author-institution abstract and metadata,Abutment constraints need explicit geometric state beyond fixed owner separation,2026-09-13
maboundary2001,Yuchun Ma and Sheqin Dong and Xianlong Hong and Yici Cai and Chung-Kuan Cheng and Jun Gu,{VLSI} Floorplanning with Boundary Constraints Based on Corner Block List,Proc. ASP-DAC,2001,10.1145/370155.370521,509--514,,,inproceedings,https://doi.org/10.1145/370155.370521,Publisher or author-institution abstract and metadata,Prior necessary/sufficient boundary-characterization results must not be rebranded,2026-09-13
aplace2005,Andrew B. Kahng and Qinke Wang,Implementation and Extensibility of an Analytic Placer,IEEE Trans. Comput.-Aided Design Integr. Circuits Syst.,2005,10.1109/TCAD.2005.846366,734--747,24,5,article,https://doi.org/10.1109/TCAD.2005.846366,Full-paper calibration completed; detailed pattern record in literature-calibration.csv,"Smooth wirelength and density constrained analytical placement, not exact certification",2026-09-15
ntu2008,Tung-Chieh Chen and Zhe-Wei Jiang and Tien-Chang Hsu and Hsin-Chen Chen and Yao-Wen Chang,{NTUplace3}: An Analytical Placer for Large-Scale Mixed-Size Designs with Preplaced Blocks and Density Constraints,IEEE Trans. Comput.-Aided Design Integr. Circuits Syst.,2008,10.1109/TCAD.2008.923063,1228--1240,27,7,article,https://scholars.lib.ntu.edu.tw/entities/publication/588bd347-9553-45b4-8dcf-a912e9c2d8a1,Publisher or author-institution abstract and metadata,Multilevel log-sum-exp placement with preplaced blocks and density constraints,2026-09-13
ntu2014,M.-K. Hsu and Y.-F. Chen and C.-C. Huang and S. Chou and T.-H. Lin and T.-C. Chen and Y.-W. Chang,{NTUplace4h}: A Novel Routability-Driven Placement Algorithm for Hierarchical Mixed-Size Circuit Designs,IEEE Trans. Comput.-Aided Design Integr. Circuits Syst.,2014,10.1109/TCAD.2014.2360453,1914--1927,33,12,article,https://scholars.lib.ntu.edu.tw/entities/publication/10fed266-98b4-4403-9e51-bdf4438c67a0,Publisher or author-institution abstract and metadata,"Hierarchy, pin density, narrow channels and routability are important excluded objectives",2026-09-13
replace2019,Chung-Kuan Cheng and Andrew B. Kahng and Ilgweon Kang and Lutong Wang,{RePlAce}: Advancing Solution Quality and Routability Validation in Global Placement,IEEE Trans. Comput.-Aided Design Integr. Circuits Syst.,2019,10.1109/TCAD.2018.2859220,1717--1730,38,9,article,https://github.com/The-OpenROAD-Project/RePlAce,Full-paper calibration completed; detailed pattern record in literature-calibration.csv,"Global analytical placement and routed validation, not a baseline executed in this campaign",2026-09-15
dream2021,Yibo Lin and Zixuan Jiang and Jiaqi Gu and Wuxi Li and Shounak Dhar and Haoxing Ren and Brucek Khailany and David Z. Pan,{DREAMPlace}: Deep Learning Toolkit-Enabled {GPU} Acceleration for Modern {VLSI} Placement,IEEE Trans. Comput.-Aided Design Integr. Circuits Syst.,2021,10.1109/TCAD.2020.3003843,748--761,40,4,article,https://github.com/limbo018/DREAMPlace,Full-paper calibration completed; detailed pattern record in literature-calibration.csv,GPU acceleration of placement operators is distinct from this CPU certificate computation,2026-09-15
dechter1989,Rina Dechter and Judea Pearl,Tree Clustering for Constraint Networks,Artificial Intelligence,1989,10.1016/0004-3702(89)90037-4,353--366,38,3,article,https://doi.org/10.1016/0004-3702(89)90037-4,Publisher or author-institution abstract and metadata,Regrouping constraints into hierarchical structures for search-free propagation,2026-09-13
semiring1997,Stefano Bistarelli and Ugo Montanari and Francesca Rossi,Semiring-Based Constraint Satisfaction and Optimization,J. ACM,1997,10.1145/256303.256306,201--236,44,2,article,https://research.unipg.it/handle/11391/120843,Publisher or author-institution abstract and metadata,Projection and combination in weighted constraint optimization are generic foundations,2026-09-13
freuder1990,Eugene C. Freuder,Complexity of {K}-Tree Structured Constraint Satisfaction Problems,Proc. AAAI,1990,,4--9,,,inproceedings,https://www.aiinternational.org/Library/AAAI/1990/aaai90-001.php,"Official AAAI proceedings page and full-text record; authorship, title, venue, and pages checked",Bounded structural width results need explicit domain-size dependence,2026-09-21
aji2000,Srinivas M. Aji and Robert J. McEliece,The Generalized Distributive Law,IEEE Trans. Inf. Theory,2000,10.1109/18.825794,325--343,46,2,article,https://authors.library.caltech.edu/records/sw1pm-bwj40,Full-paper calibration completed; detailed pattern record in literature-calibration.csv,Junction-tree exactness and general message-passing algebra precede this work,2026-09-15
certifying2011,"Ross M. McConnell and Kurt Mehlhorn and Stefan N{\""a}her and Pascal Schweitzer",Certifying Algorithms,Computer Science Review,2011,10.1016/j.cosrev.2010.09.009,119--161,5,2,article,https://doi.org/10.1016/j.cosrev.2010.09.009,Full-paper calibration completed; detailed pattern record in literature-calibration.csv,An output witness reduces trust in a complex producer; replay must be specified,2026-09-15
necula1997,George C. Necula,Proof-Carrying Code,Proc. POPL,1997,10.1145/263699.263712,106--119,,,inproceedings,https://doi.org/10.1145/263699.263712,Full-paper calibration completed; detailed pattern record in literature-calibration.csv,"Producer/checker trust separation, not a claim of proof-carrying machine code here",2026-09-15
cheung2017,Kevin K. H. Cheung and Ambros Gleixner and Daniel E. Steffy,Verifying Integer Programming Results,Proc. IPCO,2017,10.1007/978-3-319-59250-3_13,148--160,,,inproceedings,https://arxiv.org/abs/1611.08832,Publisher or author-institution abstract and metadata,Integer optimization certificates check inference steps independently of the solver,2026-09-13
desmet1992,Johan Desmet and Marc {De Maeyer} and Bart Hazes and Ignace Lasters,The Dead-End Elimination Theorem and Its Use in Protein Side-Chain Positioning,Nature,1992,10.1038/356539a0,539--542,356,,article,https://doi.org/10.1038/356539a0,Publisher or author-institution abstract and metadata,Dominated alternatives can be eliminated without losing a global energy minimum,2026-09-13
goldstein1994,Robert F. Goldstein,Efficient Rotamer Elimination Applied to Protein Side-Chains and Related Spin Glasses,Biophysical Journal,1994,10.1016/S0006-3495(94)80923-3,1335--1340,66,5,article,https://doi.org/10.1016/S0006-3495(94)80923-3,Full-paper calibration completed; detailed pattern record in literature-calibration.csv,Compare paired response differences before extremization; elimination itself is not new,2026-09-15
cook1971,Stephen A. Cook,The Complexity of Theorem-Proving Procedures,Proc. STOC,1971,10.1145/800157.805047,151--158,,,inproceedings,https://doi.org/10.1145/800157.805047,Publisher or author-institution abstract and metadata,SAT complexity background for the explicit HPWL dominance reduction,2026-09-13
abacus2008,Peter Spindler and Ulf Schlichtmann and Frank M. Johannes,Abacus: Fast Legalization of Standard Cell Circuits with Minimal Movement,Proc. ISPD,2008,10.1145/1353629.1353640,47--53,,,inproceedings,https://portal.fis.tum.de/en/publications/abacus-fast-legalization-of-standard-cell-circuits-with-minimal-m/,Publisher or author-institution abstract and metadata,Standard-cell legalization is a real geometric repair problem excluded by ownership,2026-09-13
fm1982,Charles M. Fiduccia and Robert M. Mattheyses,A Linear-Time Heuristic for Improving Network Partitions,Proc. DAC,1982,10.1109/DAC.1982.1585498,175--181,,,inproceedings,https://ieeexplore.ieee.org/document/1585498/,Publisher or author-institution abstract and metadata,"Net-cut reduction is a hierarchy construction objective, not an HPWL certificate",2026-09-13
hierrtlmp2024,Andrew B. Kahng and Ravi Varadarajan and Zhiang Wang,{Hier-RTLMP}: A Hierarchical Automatic Macro Placer for Large-Scale Complex {IP} Blocks,IEEE Trans. Comput.-Aided Design Integr. Circuits Syst.,2024,10.1109/TCAD.2023.3346284,1552--1565,43,5,article,https://arxiv.org/abs/2304.11761,Full-paper calibration completed; detailed pattern record in literature-calibration.csv,Other parent-level clusters become fixed terminals; sequence-pair annealing differs from exact response certificates,2026-09-15
rtlmp2022,Andrew B. Kahng and Ravi Varadarajan and Zhiang Wang,"{RTL-MP}: Toward Practical, Human-Quality Chip Planning and Macro Placement",Proc. ISPD,2022,10.1145/3505170.3506731,3--11,,,inproceedings,https://doi.org/10.1145/3505170.3506731,Publisher or author-institution abstract and metadata,Logical hierarchy and dataflow guide physical clustering and macro placement,2026-09-13
goalplace2025,Anthony Agnesina and Rongjian Liang and Geraldo Pradipta and Anand Rajaram and Haoxing Ren,{GOALPlace}: Begin with the End in Mind,Proc. ISPD,2025,10.1145/3698364.3705342,2--10,,,inproceedings,https://doi.org/10.1145/3698364.3705342,"ACM publisher record, NVIDIA author-institution record, and DBLP proceedings pagination checked",Post-route density targets and empirical-Bayes adaptation optimize a different practical objective,2026-09-21
assessment2026,Chung-Kuan Cheng and Andrew B. Kahng and Sayak Kundu and Yucheng Wang and Zhiang Wang,An Updated Assessment of Reinforcement Learning for Macro Placement,IEEE Transactions on Computer-Aided Design of Integrated Circuits and Systems,2026,10.1109/TCAD.2025.3644293,3654-3668,45,8,article,https://doi.org/10.1109/TCAD.2025.3644293,"Peer-reviewed TCAD article; DOI and early-access publication record verified, with the latest author preprint used for technical reading",Reproducible fair-baseline assessment and post-route comparison; cite the peer-reviewed TCAD version,2026-09-13
adya2003,Saurabh N. Adya and Igor L. Markov,Fixed-Outline Floorplanning: Enabling Hierarchical Design,IEEE Trans. Very Large Scale Integr. (VLSI) Syst.,2003,10.1109/TVLSI.2003.817546,1120--1135,11,6,article,https://doi.org/10.1109/TVLSI.2003.817546,Publisher or author-institution abstract and metadata,Fixed-outline constraints are a preexisting central floorplanning problem,2026-09-13
autodmp2023,Anthony Agnesina and Puranjay Rajvanshi and Tian Yang and Geraldo Pradipta and Austin Jiao and Ben Keller and Brucek Khailany and Haoxing Ren,{AutoDMP}: Automated {DREAMPlace}-Based Macro Placement,Proc. ISPD,2023,10.1145/3569052.3578923,149--157,,,inproceedings,https://research.nvidia.com/publication/2023-03_autodmp-automated-dreamplace-based-macro-placement,Publisher or author-institution abstract and metadata,Joint macro/cell placement and multiobjective parameter optimization are not finite-portfolio enumeration,2026-09-13
openroad2019,Tutu Ajayi and Vidya A. Chhabria and Mateus Foga{\c c}a and Soheil Hashemi and Abdelrahman Hosny and Andrew B. Kahng and Minsoo Kim and Jeongsup Lee and Uday Mallappa and Marina Neseem and Geraldo Pradipta and Sherief Reda and Mehdi Saligane and Sachin S. Sapatnekar and Carl Sechen and Mohamed Shalan and William Swartz and Lutong Wang and Zhehong Wang and Mingyu Woo and Bangqi Xu,Toward an Open-Source Digital Flow: First Learnings from the {OpenROAD} Project,Proc. DAC,2019,10.1145/3316781.3326334,1--4,,,inproceedings,https://experts.azregents.edu/en/publications/invited-toward-an-open-source-digital-flow-first-learnings-from-t/,Publisher or author-institution abstract and metadata,Public physical-design infrastructure provenance; importing a regression is not executing its flow,2026-09-13
factorgraphs2001,Frank R. Kschischang and Brendan J. Frey and Hans-Andrea Loeliger,Factor Graphs and the Sum-Product Algorithm,IEEE Trans. Inf. Theory,2001,10.1109/18.910572,498--519,47,2,article,https://www.comm.utoronto.ca/~frank/papers.html,Full-paper calibration completed; detailed pattern record in literature-calibration.csv,Graphical local computation and messages are established abstractions,2026-09-15
karypis2000,George Karypis and Vipin Kumar,Multilevel k-Way Hypergraph Partitioning,VLSI Design,2000,10.1155/2000/19436,285--300,11,3,article,https://doi.org/10.1155/2000/19436,Full-paper calibration completed; detailed pattern record in literature-calibration.csv,Hypergraph cut criteria inform hierarchy selection but are not wirelength certificates,2026-09-15
cheon2002,Yongseok Cheon and D. F. Wong,Design Hierarchy Guided Multilevel Circuit Partitioning,Proc. ISPD,2002,10.1145/505388.505398,30--35,,,inproceedings,https://doi.org/10.1145/505388.505398,Full-paper calibration completed; detailed pattern record in literature-calibration.csv,Logical hierarchy is useful but must be reconciled with physical connectivity,2026-09-15
ispd2005,Gi-Joon Nam and Charles J. Alpert and Paul Villarrubia and Bruce Winter and Mehmet Can Yildiz,The {ISPD2005} Placement Contest and Benchmark Suite,Proc. ISPD,2005,10.1145/1055137.1055182,216--220,,,inproceedings,https://www.researchgate.net/publication/220915345_The_ISPD2005_placement_contest_and_benchmark_suite,Author-uploaded substantive paper text and original DOI record,Pin-offset HPWL and legality are independently evaluated on much larger public designs,2026-09-13
ispd2011,Natarajan Viswanathan and Charles J. Alpert and Cliff C. N. Sze and Zhuo Li and Gi-Joon Nam and Jarrod A. Roy,The {ISPD-2011} Routability-Driven Placement Contest and Benchmark Suite,Proc. ISPD,2011,10.1145/1960397.1960429,141--146,,,inproceedings,https://www.ispd.cc/contests/11/ispd2011_contest.html,Official contest source identifies paper and routability protocol; paper full-text calibration not claimed,Routability and overflow evaluation cannot be replaced by an HPWL guarantee,2026-09-13
flipping2006,Chiu-Wing Sham and Evangeline F. Y. Young and Chris Chu,Optimal Cell Flipping in Placement and Floorplanning,Proc. DAC,2006,10.1145/1146909.1147189,1109--1114,,,inproceedings,https://doi.org/10.1145/1146909.1147189,Full-paper calibration completed; detailed pattern record in literature-calibration.csv,Independent/strictly/conditionally solvable orientations precede exact MILP; option elimination itself is not novel,2026-09-15
fastplace2005,Natarajan Viswanathan and Chris C. N. Chu,"{FastPlace}: Efficient Analytical Placement Using Cell Shifting, Iterative Local Refinement, and a Hybrid Net Model",IEEE Trans. Comput.-Aided Design Integr. Circuits Syst.,2005,10.1109/TCAD.2005.846365,722--733,24,5,article,https://doi.org/10.1109/TCAD.2005.846365,Full-paper calibration completed; detailed pattern record in literature-calibration.csv,Quadratic hybrid-net placement and shifting address scale rather than certifying a supplied portfolio,2026-09-15
eplace2015,Jingwei Lu and Pengwen Chen and Chin-Chih Chang and Lu Sha and Dennis Jen-Hsin Huang and Chin-Chi Teng and Chung-Kuan Cheng,{ePlace}: Electrostatics-Based Placement Using Fast Fourier Transform and Nesterov's Method,ACM Trans. Design Autom. Electron. Syst.,2015,10.1145/2699873,1--34,20,2,article,https://doi.org/10.1145/2699873,Publisher or author-institution abstract and metadata,"Electrostatic density, FFT and smooth optimization model physical placement differently",2026-09-13
eplacems2015,Jingwei Lu and Hao Zhuang and Pengwen Chen and Hongliang Chang and Chin-Chih Chang and Yiu-Chung Wong and Lu Sha and Dennis J.-H. Huang and Yufeng Luo and Chin-Chi Teng and Chung-Kuan Cheng,{ePlace-MS}: Electrostatics-Based Placement for Mixed-Size Circuits,IEEE Trans. Comput.-Aided Design Integr. Circuits Syst.,2015,10.1109/TCAD.2015.2391263,685--698,34,5,article,https://doi.org/10.1109/TCAD.2015.2391263,Full-paper calibration completed; detailed pattern record in literature-calibration.csv,Mixed-size optimization and macro legalization differ from assuming all owner alternatives legal,2026-09-15
optimalpart2000,Andrew E. Caldwell and Andrew B. Kahng and Igor L. Markov,Optimal Partitioners and End-Case Placers for Standard-Cell Layout,IEEE Trans. Comput.-Aided Design Integr. Circuits Syst.,2000,10.1109/43.892854,1304--1313,19,11,article,https://doi.org/10.1109/43.892854,Full-paper calibration completed; detailed pattern record in literature-calibration.csv,"Small exact optimization can support larger placement flows, but integration must be demonstrated",2026-09-15
zhang2025,Binqi Zhang and Lu Zhen and Gilbert Laporte,An Exact Algorithm for Placement Optimization in Circuit Design,Engineering,2025,10.1016/j.eng.2025.03.020,278--296,52,,article,https://www.engineering.org.cn/engi/EN/1160000241195868184,Publisher or author-institution abstract and metadata,Benders decomposition solves a richer exact placement model with nonoverlap and alignment constraints,2026-09-13
yu2025,Shan Yu and Yair Censor and Guojie Luo,Floorplanning with {I/O} Assignment via Feasibility-Seeking and Superiorization Methods,IEEE Trans. Comput.-Aided Design Integr. Circuits Syst.,2025,10.1109/TCAD.2024.3408106,317--330,44,1,article,https://arxiv.org/abs/2406.03165,Full-paper calibration completed; detailed pattern record in literature-calibration.csv,Nonconvex packing feasibility and superiorization differ from exact minimum response selection,2026-09-15
simpl2012,Myung-Chul Kim and Dong-Jin Lee and Igor L. Markov,{SimPL}: An Effective Placement Algorithm,IEEE Trans. Comput.-Aided Design Integr. Circuits Syst.,2012,10.1109/TCAD.2011.2170567,50--60,31,1,article,https://doi.org/10.1109/TCAD.2011.2170567,Full-paper calibration completed; detailed pattern record in literature-calibration.csv,Look-ahead legalization and upper/lower placement estimates are not this exact portfolio certificate,2026-09-15
whitespace2003,Andrew E. Caldwell and Andrew B. Kahng and Igor L. Markov,Hierarchical Whitespace Allocation in Top-Down Placement,IEEE Trans. Comput.-Aided Design Integr. Circuits Syst.,2003,10.1109/TCAD.2003.818375,1550--1556,22,11,article,https://doi.org/10.1109/TCAD.2003.818375,Full-paper calibration completed; detailed pattern record in literature-calibration.csv,Hierarchical whitespace allocation commits partition tolerances rather than preserving exact exterior response,2026-09-21
fasthier2006,Gi-Joon Nam and Sherief Reda and Charles J. Alpert and Paul G. Villarrubia and Andrew B. Kahng,A Fast Hierarchical Quadratic Placement Algorithm,IEEE Trans. Comput.-Aided Design Integr. Circuits Syst.,2006,10.1109/TCAD.2006.870079,678--691,25,4,article,https://doi.org/10.1109/TCAD.2006.870079,Full-paper calibration completed; detailed pattern record in literature-calibration.csv,Clustering and terminal propagation are practical hierarchy precedents distinct from exact response certificates,2026-09-15
li2025core,Pengyi Li and Shixiong Kai and Jianye Hao and Ruizhe Zhong and Hongyao Tang and Zhentao Tang and Mingxuan Yuan and Junchi Yan,{CORE}: Collaborative Optimization with Reinforcement Learning and Evolutionary Algorithm for Floorplanning,Advances in Neural Information Processing Systems,2025,10.52202/085713-4662,154828--154854,38,,inproceedings,https://proceedings.neurips.cc/paper_files/paper/2025/hash/cc0f00fd7c873fe2b196529e19b1a6bf-Abstract-Conference.html,"Official NeurIPS record and full paper; DOI, full author list, proceedings volume/pages, repository, and benchmark-use context checked",CORE is a recent evolutionary-RL floorplanner and the distribution point for the retained normalized MCNC/GSRC texts; its optimizer was not executed,2026-09-21
virtanen2020,Pauli Virtanen; Ralf Gommers; Travis E. Oliphant; Matt Haberland; Tyler Reddy; David Cournapeau; Evgeni Burovski; Pearu Peterson; Warren Weckesser; Jonathan Bright; Stefan J. van der Walt; Matthew Brett; Joshua Wilson; K. Jarrod Millman; Nikolay Mayorov; Andrew R. J. Nelson; Eric Jones; Robert Kern; Eric Larson; C. J. Carey; Ilhan Polat; Yu Feng; Eric W. Moore; Jake VanderPlas; Denis Laxalde; Josef Perktold; Robert Cimrman; Ian Henriksen; E. A. Quintero; Charles R. Harris; Anne M. Archibald; Antonio H. Ribeiro; Fabian Pedregosa; Paul van Mulbregt; SciPy 1.0 Contributors,SciPy 1.0: Fundamental Algorithms for Scientific Computing in Python,Nature Methods,2020,10.1038/s41592-019-0686-2,261--272,17,3,article,https://doi.org/10.1038/s41592-019-0686-2,"Publisher full text and metadata; exact DOI, volume, issue, pages, and author-group record checked",Scholarly software citation for the separately implemented SciPy MILP wrapper used only as an independent numerical optimum cross-check,2026-09-21
huangfu2018,Qi Huangfu; J. A. Julian Hall,Parallelizing the Dual Revised Simplex Method,Mathematical Programming Computation,2018,10.1007/s12532-017-0130-5,119--142,10,1,article,https://doi.org/10.1007/s12532-017-0130-5,Official HiGHS citation record and publisher metadata; software is invoked unmodified through SciPy,Scholarly citation requested by the HiGHS project for the independent LP/MIP solver backend; no solver novelty or proof logging is claimed,2026-09-20
accfft2026,Hangyu Zhang and Sachin S. Sapatnekar,Accelerating Electrostatics-Based Global Placement with Enhanced {FFT} Computation,Proc. ASP-DAC,2026,10.1109/ASP-DAC66049.2026.11420709,779--785,,,inproceedings,https://experts.umn.edu/en/publications/accelerating-electrostatics-based-global-placement-with-enhanced-/,Publisher or author-institution abstract and metadata,Recent FFT operator acceleration underscores that fewer DP transitions are not a cross-tool speedup,2026-09-13
bodlaender1996,Hans L. Bodlaender,A Linear-Time Algorithm for Finding Tree-Decompositions of Small Treewidth,SIAM J. Comput.,1996,10.1137/S0097539793251219,1305--1317,25,6,article,https://doi.org/10.1137/S0097539793251219,Publisher or author-institution abstract and metadata,Graph treewidth is not this paper's live-net cut width,2026-09-13
dream3,Jiaqi Gu and Zixuan Jiang and Yibo Lin and David Z. Pan,{DREAMPlace} 3.0: Multi-Electrostatics Based Robust {VLSI} Placement with Region Constraints,Proc. ICCAD,2020,10.1145/3400302.3415691,1--9,,,inproceedings,https://experts.azregents.edu/en/publications/dreamplace-30-multi-electrostatics-based-robust-vlsi-placement-wi-2/,"ACM DOI metadata and scholarly proceedings record; title, authors, venue, and pagination checked",Region constraints already appear in large analytical placers; ownership alone is not novelty,2026-09-21
lin2002,Jai-Ming Lin and Hsin-Lung Chen and Yao-Wen Chang,Arbitrarily Shaped Rectilinear Module Placement Using the Transitive Closure Graph Representation,IEEE Trans. Very Large Scale Integr. (VLSI) Syst.,2002,10.1109/TVLSI.2002.808431,886--901,10,6,article,https://researchoutput.ncku.edu.tw/en/publications/arbitrarily-shaped-rectilinear-module-placement-using-the-transit/,Publisher or author-institution abstract and metadata,Whole rectilinear-module feasibility is a genuine geometric condition absent from this model,2026-09-13
modernoutline2024,Yu-Yang Chen and Yi-Chen Lin and Tzu-Han Hsu and Iris Hui-Ru Jiang and Tung-Chieh Chen and Tai-Chen Chen and Hua-Yu Chang,Modern Fixed-Outline Floorplanning with Rectilinear Soft Modules,Proc. ICCAD,2024,10.1145/3676536.3676818,1--9,,,inproceedings,https://doi.org/10.1145/3676536.3676818,"Publisher abstract/metadata; 2024 conference, online record dated April 2025",Current fixed-outline optimization changes shape and handles soft modules,2026-09-13
karp1972,Richard M. Karp,Reducibility Among Combinatorial Problems,Complexity of Computer Computations,1972,10.1007/978-1-4684-2001-2_9,85--103,,,incollection,https://doi.org/10.1007/978-1-4684-2001-2_9,Springer chapter DOI and bibliographic record; pages and reduction context checked,NP-completeness of the restricted satisfiability source used by the actual-context dominance reduction,2026-09-21
