key,citation_count,manuscript_lines,metadata_status,identifier_status,citation_context_status,full_text_calibration,verification_basis,scholarly_source,supported_clause,notes
mirhoseini2021,1,446,title/author/venue/year checked against audited scholarly source,DOI recorded and matched to the cited work,specific supported clause recorded and manuscript context checked,no,Publisher or author-institution abstract and metadata,https://doi.org/10.1038/s41586-021-03544-w,Learning-based physical placement comparison; no inherited industrial performance,No discrepancy found in final blind audit.
goldie2024,1,446,title/author/venue/year checked against audited scholarly source,DOI recorded and matched to the cited work,specific supported clause recorded and manuscript context checked,no,Publisher or author-institution abstract and metadata,https://doi.org/10.1038/s41586-024-08032-5,Read the correction/addition with the original physical-design paper,No discrepancy found in final blind audit.
murata1996,1,439,title/author/venue/year checked against audited scholarly source,DOI recorded and matched to the cited work,specific supported clause recorded and manuscript context checked,yes,Full-paper calibration completed; detailed pattern record in literature-calibration.csv,https://doi.org/10.1109/43.552084,Relative-placement representation and packing precede this interface method,No discrepancy found in final blind audit.
funke2016,1,36,title/author/venue/year checked against audited scholarly source,DOI recorded and matched to the cited work,specific supported clause recorded and manuscript context checked,yes,Full-paper calibration completed; detailed pattern record in literature-calibration.csv,https://doi.org/10.1016/j.vlsi.2015.07.001,Exact wirelength-optimal floorplanning already exists; different search space,No discrepancy found in final blind audit.
dechter1999,2,213;435,title/author/venue/year checked against audited scholarly source,DOI recorded and matched to the cited work,specific supported clause recorded and manuscript context checked,yes,Full-paper calibration completed; detailed pattern record in literature-calibration.csv,https://doi.org/10.1016/S0004-3702(99)00059-4,"Finite elimination is a general algorithmic framework, not a new contribution",No discrepancy found in final blind audit.
dunlop1985,1,441,title/author/venue/year checked against audited scholarly source,DOI recorded and matched to the cited work,specific supported clause recorded and manuscript context checked,no,Publisher or author-institution abstract and metadata,https://collaborate.princeton.edu/en/publications/a-procedure-for-placement-of-standard-cell-vlsi-circuits/,Hierarchical placement and exterior connection handling are established,No discrepancy found in final blind audit.
otten1982,1,439,title/author/venue/year checked against audited scholarly source,DOI recorded and matched to the cited work,specific supported clause recorded and manuscript context checked,no,Publisher or author-institution abstract and metadata,https://research.ibm.com/publications/automatic-floorplan-design,Slicing structures and area/shape optimization are established,No discrepancy found in final blind audit.
stockmeyer1983,1,439,title/author/venue/year checked against audited scholarly source,DOI recorded and matched to the cited work,specific supported clause recorded and manuscript context checked,no,"Publisher record and author-institution abstract; DOI, volume, issue, and pages checked",https://doi.org/10.1016/S0019-9958(83)80038-2,Orientation optimization on supplied slicing structure has prior exact algorithms,DOI added during final blind audit.
wong1986,1,439,title/author/venue/year checked against audited scholarly source,DOI recorded and matched to the cited work,specific supported clause recorded and manuscript context checked,no,Publisher or author-institution abstract and metadata,https://doi.org/10.1145/318013.318030,Normalized Polish expressions and area/wirelength annealing,No discrepancy found in final blind audit.
guo2001,1,439,title/author/venue/year checked against audited scholarly source,DOI recorded and matched to the cited work,specific supported clause recorded and manuscript context checked,no,Publisher or author-institution abstract and metadata,https://ieee-ceda.org/media/floorplanning-using-tree-representation,O-tree encodes compacted nonslicing geometry rather than objective response functions,No discrepancy found in final blind audit.
chang2000,1,439,title/author/venue/year checked against audited scholarly source,DOI recorded and matched to the cited work,specific supported clause recorded and manuscript context checked,no,Publisher or author-institution abstract and metadata,https://doi.org/10.1145/337292.337541,Ordered-tree geometric representation and direct packing evaluation,No discrepancy found in final blind audit.
lin2004,1,439,title/author/venue/year checked against audited scholarly source,DOI recorded and matched to the cited work,specific supported clause recorded and manuscript context checked,no,Publisher or author-institution abstract and metadata,https://researchoutput.ncku.edu.tw/zh/publications/tcg-s-orthogonal-coupling-of-p-admissible-representations-for-gen-2/,Combining geometric representation strengths and incremental updates is established,No discrepancy found in final blind audit.
lin2005,1,439,title/author/venue/year checked against audited scholarly source,DOI recorded and matched to the cited work,specific supported clause recorded and manuscript context checked,no,Publisher or author-institution abstract and metadata,https://researchoutput.ncku.edu.tw/en/publications/tcg-a-transitive-closure-graph-based-representation-for-general-f/,Transitive closure preserves explicit module geometric relations,No discrepancy found in final blind audit.
wu2003,1,439,title/author/venue/year checked against audited scholarly source,DOI recorded and matched to the cited work,specific supported clause recorded and manuscript context checked,no,Publisher or author-institution abstract and metadata,https://doi.org/10.1145/762488.762490,"Rectilinear-block feasibility conditions, unlike disjoint rectangle ownership",No discrepancy found in final blind audit.
ma2001,2,58;439,title/author/venue/year checked against audited scholarly source,DOI recorded and matched to the cited work,specific supported clause recorded and manuscript context checked,no,Publisher or author-institution abstract and metadata,https://doi.org/10.1016/S0167-9260(01)00022-0,Abutment constraints need explicit geometric state beyond fixed owner separation,No discrepancy found in final blind audit.
maboundary2001,2,58;439,title/author/venue/year checked against audited scholarly source,DOI recorded and matched to the cited work,specific supported clause recorded and manuscript context checked,no,Publisher or author-institution abstract and metadata,https://doi.org/10.1145/370155.370521,Prior necessary/sufficient boundary-characterization results must not be rebranded,No discrepancy found in final blind audit.
aplace2005,1,444,title/author/venue/year checked against audited scholarly source,DOI recorded and matched to the cited work,specific supported clause recorded and manuscript context checked,yes,Full-paper calibration completed; detailed pattern record in literature-calibration.csv,https://doi.org/10.1109/TCAD.2005.846366,"Smooth wirelength and density constrained analytical placement, not exact certification",No discrepancy found in final blind audit.
ntu2008,1,444,title/author/venue/year checked against audited scholarly source,DOI recorded and matched to the cited work,specific supported clause recorded and manuscript context checked,no,Publisher or author-institution abstract and metadata,https://scholars.lib.ntu.edu.tw/entities/publication/588bd347-9553-45b4-8dcf-a912e9c2d8a1,Multilevel log-sum-exp placement with preplaced blocks and density constraints,No discrepancy found in final blind audit.
ntu2014,1,444,title/author/venue/year checked against audited scholarly source,DOI recorded and matched to the cited work,specific supported clause recorded and manuscript context checked,no,Publisher or author-institution abstract and metadata,https://scholars.lib.ntu.edu.tw/entities/publication/10fed266-98b4-4403-9e51-bdf4438c67a0,"Hierarchy, pin density, narrow channels and routability are important excluded objectives",No discrepancy found in final blind audit.
replace2019,1,444,title/author/venue/year checked against audited scholarly source,DOI recorded and matched to the cited work,specific supported clause recorded and manuscript context checked,yes,Full-paper calibration completed; detailed pattern record in literature-calibration.csv,https://github.com/The-OpenROAD-Project/RePlAce,"Global analytical placement and routed validation, not a baseline executed in this campaign",No discrepancy found in final blind audit.
dream2021,1,444,title/author/venue/year checked against audited scholarly source,DOI recorded and matched to the cited work,specific supported clause recorded and manuscript context checked,yes,Full-paper calibration completed; detailed pattern record in literature-calibration.csv,https://github.com/limbo018/DREAMPlace,GPU acceleration of placement operators is distinct from this CPU certificate computation,No discrepancy found in final blind audit.
dechter1989,2,213;435,title/author/venue/year checked against audited scholarly source,DOI recorded and matched to the cited work,specific supported clause recorded and manuscript context checked,no,Publisher or author-institution abstract and metadata,https://doi.org/10.1016/0004-3702(89)90037-4,Regrouping constraints into hierarchical structures for search-free propagation,No discrepancy found in final blind audit.
semiring1997,2,213;435,title/author/venue/year checked against audited scholarly source,DOI recorded and matched to the cited work,specific supported clause recorded and manuscript context checked,no,Publisher or author-institution abstract and metadata,https://research.unipg.it/handle/11391/120843,Projection and combination in weighted constraint optimization are generic foundations,No discrepancy found in final blind audit.
freuder1990,1,69,title/author/venue/year checked against audited scholarly source,official scholarly record used; no DOI recorded,specific supported clause recorded and manuscript context checked,no,"Official AAAI proceedings page and full-text record; authorship, title, venue, and pages checked",https://www.aiinternational.org/Library/AAAI/1990/aaai90-001.php,Bounded structural width results need explicit domain-size dependence,No DOI assigned in the audited official AAAI record; official proceedings pages used.
aji2000,2,213;435,title/author/venue/year checked against audited scholarly source,DOI recorded and matched to the cited work,specific supported clause recorded and manuscript context checked,yes,Full-paper calibration completed; detailed pattern record in literature-calibration.csv,https://authors.library.caltech.edu/records/sw1pm-bwj40,Junction-tree exactness and general message-passing algebra precede this work,No discrepancy found in final blind audit.
certifying2011,2,252;437,title/author/venue/year checked against audited scholarly source,DOI recorded and matched to the cited work,specific supported clause recorded and manuscript context checked,yes,Full-paper calibration completed; detailed pattern record in literature-calibration.csv,https://doi.org/10.1016/j.cosrev.2010.09.009,An output witness reduces trust in a complex producer; replay must be specified,No discrepancy found in final blind audit.
necula1997,2,252;437,title/author/venue/year checked against audited scholarly source,DOI recorded and matched to the cited work,specific supported clause recorded and manuscript context checked,yes,Full-paper calibration completed; detailed pattern record in literature-calibration.csv,https://doi.org/10.1145/263699.263712,"Producer/checker trust separation, not a claim of proof-carrying machine code here",No discrepancy found in final blind audit.
cheung2017,2,252;437,title/author/venue/year checked against audited scholarly source,DOI recorded and matched to the cited work,specific supported clause recorded and manuscript context checked,no,Publisher or author-institution abstract and metadata,https://arxiv.org/abs/1611.08832,Integer optimization certificates check inference steps independently of the solver,No discrepancy found in final blind audit.
desmet1992,2,36;435,title/author/venue/year checked against audited scholarly source,DOI recorded and matched to the cited work,specific supported clause recorded and manuscript context checked,no,Publisher or author-institution abstract and metadata,https://doi.org/10.1038/356539a0,Dominated alternatives can be eliminated without losing a global energy minimum,No discrepancy found in final blind audit.
goldstein1994,3,36;152;435,title/author/venue/year checked against audited scholarly source,DOI recorded and matched to the cited work,specific supported clause recorded and manuscript context checked,yes,Full-paper calibration completed; detailed pattern record in literature-calibration.csv,https://doi.org/10.1016/S0006-3495(94)80923-3,Compare paired response differences before extremization; elimination itself is not new,No discrepancy found in final blind audit.
cook1971,1,304,title/author/venue/year checked against audited scholarly source,DOI recorded and matched to the cited work,specific supported clause recorded and manuscript context checked,no,Publisher or author-institution abstract and metadata,https://doi.org/10.1145/800157.805047,SAT complexity background for the explicit HPWL dominance reduction,No discrepancy found in final blind audit.
abacus2008,1,58,title/author/venue/year checked against audited scholarly source,DOI recorded and matched to the cited work,specific supported clause recorded and manuscript context checked,no,Publisher or author-institution abstract and metadata,https://portal.fis.tum.de/en/publications/abacus-fast-legalization-of-standard-cell-circuits-with-minimal-m/,Standard-cell legalization is a real geometric repair problem excluded by ownership,No discrepancy found in final blind audit.
fm1982,1,441,title/author/venue/year checked against audited scholarly source,DOI recorded and matched to the cited work,specific supported clause recorded and manuscript context checked,no,Publisher or author-institution abstract and metadata,https://ieeexplore.ieee.org/document/1585498/,"Net-cut reduction is a hierarchy construction objective, not an HPWL certificate",No discrepancy found in final blind audit.
hierrtlmp2024,2,44;446,title/author/venue/year checked against audited scholarly source,DOI recorded and matched to the cited work,specific supported clause recorded and manuscript context checked,yes,Full-paper calibration completed; detailed pattern record in literature-calibration.csv,https://arxiv.org/abs/2304.11761,Other parent-level clusters become fixed terminals; sequence-pair annealing differs from exact response certificates,No discrepancy found in final blind audit.
rtlmp2022,2,44;446,title/author/venue/year checked against audited scholarly source,DOI recorded and matched to the cited work,specific supported clause recorded and manuscript context checked,no,Publisher or author-institution abstract and metadata,https://doi.org/10.1145/3505170.3506731,Logical hierarchy and dataflow guide physical clustering and macro placement,No discrepancy found in final blind audit.
goalplace2025,1,446,title/author/venue/year checked against audited scholarly source,DOI recorded and matched to the cited work,specific supported clause recorded and manuscript context checked,no,"ACM publisher record, NVIDIA author-institution record, and DBLP proceedings pagination checked",https://doi.org/10.1145/3698364.3705342,Post-route density targets and empirical-Bayes adaptation optimize a different practical objective,Proceedings pages 2--10 added during final blind audit.
assessment2026,1,446,title/author/venue/year checked against audited scholarly source,DOI recorded and matched to the cited work,specific supported clause recorded and manuscript context checked,no,"Peer-reviewed TCAD article; DOI and early-access publication record verified, with the latest author preprint used for technical reading",https://doi.org/10.1109/TCAD.2025.3644293,Reproducible fair-baseline assessment and post-route comparison; cite the peer-reviewed TCAD version,No discrepancy found in final blind audit.
adya2003,2,58;439,title/author/venue/year checked against audited scholarly source,DOI recorded and matched to the cited work,specific supported clause recorded and manuscript context checked,no,Publisher or author-institution abstract and metadata,https://doi.org/10.1109/TVLSI.2003.817546,Fixed-outline constraints are a preexisting central floorplanning problem,No discrepancy found in final blind audit.
autodmp2023,1,446,title/author/venue/year checked against audited scholarly source,DOI recorded and matched to the cited work,specific supported clause recorded and manuscript context checked,no,Publisher or author-institution abstract and metadata,https://research.nvidia.com/publication/2023-03_autodmp-automated-dreamplace-based-macro-placement,Joint macro/cell placement and multiobjective parameter optimization are not finite-portfolio enumeration,No discrepancy found in final blind audit.
openroad2019,1,334,title/author/venue/year checked against audited scholarly source,DOI recorded and matched to the cited work,specific supported clause recorded and manuscript context checked,no,Publisher or author-institution abstract and metadata,https://experts.azregents.edu/en/publications/invited-toward-an-open-source-digital-flow-first-learnings-from-t/,Public physical-design infrastructure provenance; importing a regression is not executing its flow,No discrepancy found in final blind audit.
factorgraphs2001,1,435,title/author/venue/year checked against audited scholarly source,DOI recorded and matched to the cited work,specific supported clause recorded and manuscript context checked,yes,Full-paper calibration completed; detailed pattern record in literature-calibration.csv,https://www.comm.utoronto.ca/~frank/papers.html,Graphical local computation and messages are established abstractions,No discrepancy found in final blind audit.
karypis2000,1,441,title/author/venue/year checked against audited scholarly source,DOI recorded and matched to the cited work,specific supported clause recorded and manuscript context checked,yes,Full-paper calibration completed; detailed pattern record in literature-calibration.csv,https://doi.org/10.1155/2000/19436,Hypergraph cut criteria inform hierarchy selection but are not wirelength certificates,No discrepancy found in final blind audit.
cheon2002,1,441,title/author/venue/year checked against audited scholarly source,DOI recorded and matched to the cited work,specific supported clause recorded and manuscript context checked,yes,Full-paper calibration completed; detailed pattern record in literature-calibration.csv,https://doi.org/10.1145/505388.505398,Logical hierarchy is useful but must be reconciled with physical connectivity,No discrepancy found in final blind audit.
ispd2005,1,448,title/author/venue/year checked against audited scholarly source,DOI recorded and matched to the cited work,specific supported clause recorded and manuscript context checked,no,Author-uploaded substantive paper text and original DOI record,https://www.researchgate.net/publication/220915345_The_ISPD2005_placement_contest_and_benchmark_suite,Pin-offset HPWL and legality are independently evaluated on much larger public designs,No discrepancy found in final blind audit.
ispd2011,1,448,title/author/venue/year checked against audited scholarly source,DOI recorded and matched to the cited work,specific supported clause recorded and manuscript context checked,no,Official contest source identifies paper and routability protocol; paper full-text calibration not claimed,https://www.ispd.cc/contests/11/ispd2011_contest.html,Routability and overflow evaluation cannot be replaced by an HPWL guarantee,No discrepancy found in final blind audit.
flipping2006,1,36,title/author/venue/year checked against audited scholarly source,DOI recorded and matched to the cited work,specific supported clause recorded and manuscript context checked,yes,Full-paper calibration completed; detailed pattern record in literature-calibration.csv,https://doi.org/10.1145/1146909.1147189,Independent/strictly/conditionally solvable orientations precede exact MILP; option elimination itself is not novel,No discrepancy found in final blind audit.
fastplace2005,1,444,title/author/venue/year checked against audited scholarly source,DOI recorded and matched to the cited work,specific supported clause recorded and manuscript context checked,yes,Full-paper calibration completed; detailed pattern record in literature-calibration.csv,https://doi.org/10.1109/TCAD.2005.846365,Quadratic hybrid-net placement and shifting address scale rather than certifying a supplied portfolio,No discrepancy found in final blind audit.
eplace2015,1,444,title/author/venue/year checked against audited scholarly source,DOI recorded and matched to the cited work,specific supported clause recorded and manuscript context checked,no,Publisher or author-institution abstract and metadata,https://doi.org/10.1145/2699873,"Electrostatic density, FFT and smooth optimization model physical placement differently",No discrepancy found in final blind audit.
eplacems2015,1,444,title/author/venue/year checked against audited scholarly source,DOI recorded and matched to the cited work,specific supported clause recorded and manuscript context checked,yes,Full-paper calibration completed; detailed pattern record in literature-calibration.csv,https://doi.org/10.1109/TCAD.2015.2391263,Mixed-size optimization and macro legalization differ from assuming all owner alternatives legal,No discrepancy found in final blind audit.
optimalpart2000,1,441,title/author/venue/year checked against audited scholarly source,DOI recorded and matched to the cited work,specific supported clause recorded and manuscript context checked,yes,Full-paper calibration completed; detailed pattern record in literature-calibration.csv,https://doi.org/10.1109/43.892854,"Small exact optimization can support larger placement flows, but integration must be demonstrated",No discrepancy found in final blind audit.
zhang2025,2,36;444,title/author/venue/year checked against audited scholarly source,DOI recorded and matched to the cited work,specific supported clause recorded and manuscript context checked,no,Publisher or author-institution abstract and metadata,https://www.engineering.org.cn/engi/EN/1160000241195868184,Benders decomposition solves a richer exact placement model with nonoverlap and alignment constraints,No discrepancy found in final blind audit.
yu2025,1,444,title/author/venue/year checked against audited scholarly source,DOI recorded and matched to the cited work,specific supported clause recorded and manuscript context checked,yes,Full-paper calibration completed; detailed pattern record in literature-calibration.csv,https://arxiv.org/abs/2406.03165,Nonconvex packing feasibility and superiorization differ from exact minimum response selection,No discrepancy found in final blind audit.
simpl2012,1,444,title/author/venue/year checked against audited scholarly source,DOI recorded and matched to the cited work,specific supported clause recorded and manuscript context checked,yes,Full-paper calibration completed; detailed pattern record in literature-calibration.csv,https://doi.org/10.1109/TCAD.2011.2170567,Look-ahead legalization and upper/lower placement estimates are not this exact portfolio certificate,No discrepancy found in final blind audit.
whitespace2003,1,441,title/author/venue/year checked against audited scholarly source,DOI recorded and matched to the cited work,specific supported clause recorded and manuscript context checked,yes,Full-paper calibration completed; detailed pattern record in literature-calibration.csv,https://doi.org/10.1109/TCAD.2003.818375,Hierarchical whitespace allocation commits partition tolerances rather than preserving exact exterior response,No discrepancy found in final blind audit.
fasthier2006,1,441,title/author/venue/year checked against audited scholarly source,DOI recorded and matched to the cited work,specific supported clause recorded and manuscript context checked,yes,Full-paper calibration completed; detailed pattern record in literature-calibration.csv,https://doi.org/10.1109/TCAD.2006.870079,Clustering and terminal propagation are practical hierarchy precedents distinct from exact response certificates,No discrepancy found in final blind audit.
li2025core,2,334;446,title/author/venue/year checked against audited scholarly source,DOI recorded and matched to the cited work,specific supported clause recorded and manuscript context checked,no,"Official NeurIPS record and full paper; DOI, full author list, proceedings volume/pages, repository, and benchmark-use context checked",https://proceedings.neurips.cc/paper_files/paper/2025/hash/cc0f00fd7c873fe2b196529e19b1a6bf-Abstract-Conference.html,CORE is a recent evolutionary-RL floorplanner and the distribution point for the retained normalized MCNC/GSRC texts; its optimizer was not executed,Full author list and proceedings pages added during final blind audit.
virtanen2020,1,332,title/author/venue/year checked against audited scholarly source,DOI recorded and matched to the cited work,specific supported clause recorded and manuscript context checked,no,"Publisher full text and metadata; exact DOI, volume, issue, pages, and author-group record checked",https://doi.org/10.1038/s41592-019-0686-2,Scholarly software citation for the separately implemented SciPy MILP wrapper used only as an independent numerical optimum cross-check,No discrepancy found in final blind audit.
huangfu2018,1,332,title/author/venue/year checked against audited scholarly source,DOI recorded and matched to the cited work,specific supported clause recorded and manuscript context checked,no,Official HiGHS citation record and publisher metadata; software is invoked unmodified through SciPy,https://doi.org/10.1007/s12532-017-0130-5,Scholarly citation requested by the HiGHS project for the independent LP/MIP solver backend; no solver novelty or proof logging is claimed,No discrepancy found in final blind audit.
accfft2026,1,444,title/author/venue/year checked against audited scholarly source,DOI recorded and matched to the cited work,specific supported clause recorded and manuscript context checked,no,Publisher or author-institution abstract and metadata,https://experts.umn.edu/en/publications/accelerating-electrostatics-based-global-placement-with-enhanced-/,Recent FFT operator acceleration underscores that fewer DP transitions are not a cross-tool speedup,No discrepancy found in final blind audit.
bodlaender1996,1,69,title/author/venue/year checked against audited scholarly source,DOI recorded and matched to the cited work,specific supported clause recorded and manuscript context checked,no,Publisher or author-institution abstract and metadata,https://doi.org/10.1137/S0097539793251219,Graph treewidth is not this paper's live-net cut width,No discrepancy found in final blind audit.
dream3,1,444,title/author/venue/year checked against audited scholarly source,DOI recorded and matched to the cited work,specific supported clause recorded and manuscript context checked,no,"ACM DOI metadata and scholarly proceedings record; title, authors, venue, and pagination checked",https://experts.azregents.edu/en/publications/dreamplace-30-multi-electrostatics-based-robust-vlsi-placement-wi-2/,Region constraints already appear in large analytical placers; ownership alone is not novelty,Proceedings pages 1--9 added during final blind audit.
lin2002,1,439,title/author/venue/year checked against audited scholarly source,DOI recorded and matched to the cited work,specific supported clause recorded and manuscript context checked,no,Publisher or author-institution abstract and metadata,https://researchoutput.ncku.edu.tw/en/publications/arbitrarily-shaped-rectilinear-module-placement-using-the-transit/,Whole rectilinear-module feasibility is a genuine geometric condition absent from this model,No discrepancy found in final blind audit.
modernoutline2024,1,439,title/author/venue/year checked against audited scholarly source,DOI recorded and matched to the cited work,specific supported clause recorded and manuscript context checked,no,"Publisher abstract/metadata; 2024 conference, online record dated April 2025",https://doi.org/10.1145/3676536.3676818,Current fixed-outline optimization changes shape and handles soft modules,No discrepancy found in final blind audit.
karp1972,1,304,title/author/venue/year checked against audited scholarly source,DOI recorded and matched to the cited work,specific supported clause recorded and manuscript context checked,no,Springer chapter DOI and bibliographic record; pages and reduction context checked,https://doi.org/10.1007/978-1-4684-2001-2_9,NP-completeness of the restricted satisfiability source used by the actual-context dominance reduction,No discrepancy found in final blind audit.
