case,method,status,optimum,width,transitions,table_states,peak_states,producer_median_seconds,checker_median_seconds,certificate_bytes,cpu_seconds,peak_rss_kib
exposed_10_2,constant_raw,producer_capped,,,,,,,,,0.05821678699999999,102412
exposed_10_4,constant_raw,producer_capped,,,,,,,,,0.05074074300000003,98992
exposed_12_2,constant_raw,producer_capped,,,,,,,,,0.19581220000000005,132788
exposed_12_2_paired,constant_raw,complete,276,1,107,71,2,0.0019083570000475447,0.0023180540001703775,6421,0.12260531599999996,94252
exposed_12_4,constant_raw,producer_capped,,,,,,,,,0.10272829499999997,116016
exposed_12_4_paired,constant_raw,complete,276,1,179,95,4,0.002274870000064766,0.003016729000137275,7829,0.14092988500000003,94380
exposed_2_2,constant_raw,complete,46,2,32,17,4,0.00048305599989362236,0.0005900549999751092,1580,0.08525446600000003,94252
exposed_2_4,constant_raw,complete,46,2,96,33,16,0.0007261959999596002,0.0010117990000253485,2776,0.13974493899999996,94260
exposed_4_2,constant_raw,complete,92,4,320,65,16,0.0016606510000656272,0.0037641569999777857,7534,0.15165962499999996,94252
exposed_4_4,constant_raw,complete,92,4,4432,337,256,0.012897429000076954,0.04369872199981728,42382,0.26556129600000006,95020
exposed_6_2,constant_raw,complete,138,6,4296,201,64,0.015978974000063317,0.05771973499986416,32881,0.344914192,94760
exposed_6_4,constant_raw,producer_capped,,,,,,,,,0.05927074999999998,105176
exposed_8_2,constant_raw,complete,184,8,66176,641,256,0.2926493559998562,1.1382750020000003,146313,4.3934482180000005,97456
exposed_8_4,constant_raw,producer_capped,,,,,,,,,0.1354299,120240
masked_10_2,constant_raw,complete,220,0,33,23,1,0.0012389850001000013,0.0013624789999084896,2281,0.09097108299999995,94252
masked_10_4,constant_raw,complete,240,0,53,23,1,0.0013959389998490224,0.0017114560000663914,2281,0.12534612899999997,94256
masked_12_2,constant_raw,complete,264,0,39,27,1,0.00148321799997575,0.0015320699999392673,2703,0.10610956799999993,94260
masked_12_4,constant_raw,complete,288,0,63,27,1,0.0018279380001331447,0.0017595360000086657,2703,0.111673929,94260
masked_2_2,constant_raw,complete,44,0,9,7,1,0.00040383800001109194,0.0004113700001653342,751,0.09017478699999998,94260
masked_2_4,constant_raw,complete,48,0,13,7,1,0.00042540000004009926,0.0004806320000625419,751,0.09215310499999996,94248
masked_4_2,constant_raw,complete,88,0,15,11,1,0.0006333979999908479,0.0006176249999043648,1111,0.08799155400000003,94252
masked_4_4,constant_raw,complete,96,0,23,11,1,0.0007588850000956882,0.000694909000003463,1111,0.08658860499999993,94260
masked_6_2,constant_raw,complete,132,0,21,15,1,0.00088867699992079,0.0008160889999544452,1495,0.09394950800000007,94200
masked_6_4,constant_raw,complete,144,0,33,15,1,0.0009312399999998888,0.0010025459998814767,1495,0.10464211300000004,94256
masked_8_2,constant_raw,complete,176,0,27,19,1,0.0010165060000417725,0.0010233759999209724,1877,0.08995206100000003,94252
masked_8_4,constant_raw,complete,192,0,43,19,1,0.0012927550001222698,0.0012193269999443146,1877,0.11184870699999994,94260
openroad_macro_only_balanced,constant_raw,complete,1998880,6,372,85,16,0.002668983999910779,0.009133048999956372,17573,0.13081761300000005,94392
openroad_macro_only_chain,constant_raw,complete,1998880,4,240,129,16,0.002167241000051945,0.006168647999857058,28731,0.11124352000000004,94520
openroad_macro_only_columns,constant_raw,complete,1998880,8,388,101,16,0.002809982999906424,0.009297502999970675,25054,0.155987502,94388
